"","algorithm","model","seed","ks_p","ks_stat"
"1","V--T*--F","phylo",6,0.00425254911196327,0.0127096109549346
"2","V--T*--F","phylo",1,0.258720100277409,0.00732329823821374
"3","V--T*--F","phylo",4,8.76575581090222e-05,0.0162307541612737
"4","V--T*--F","phylo",9,1.15474296791263e-12,0.0271986893677041
"5","V--T*--F","phylo",5,0,0.032168943630561
"6","V--T*--F","phylo",8,3.59966469742901e-07,0.0201914079553575
"7","V--T*--F","phylo",2,0.00213505524376223,0.0134023142818183
"8","V--T*--F","phylo",3,1.56743905344037e-06,0.0192112570702661
"9","V--T*--F","phylo",7,0.0487970301964146,0.00987303108999044
"10","V--T*--F","phylo",10,0.00289711372607493,0.0130999827323299
"11","V--T*--F","mining",6,0.278947058727378,0.00718630521390816
"12","V--T*--F","mining",1,0.439722229293312,0.00628288245833077
"13","V--T*--F","mining",4,0.393415043991841,0.00651770531975185
"14","V--T*--F","mining",9,0.635838662660117,0.00539709815061492
"15","V--T*--F","mining",5,0.537297523965858,0.00582724516110303
"16","V--T*--F","mining",8,0.261446291090419,0.00730436069292152
"17","V--T*--F","mining",2,0.222403022722915,0.00759093793585652
"18","V--T*--F","mining",3,0.067800129879014,0.00942561378425181
"19","V--T*--F","mining",7,0.731916751864589,0.00498159561344401
"20","V--T*--F","mining",10,0.783376915444215,0.00474997936751509
"21","V--T*--F","8-schools",6,0.142913653036905,0.00832217902802438
"22","V--T*--F","8-schools",1,0.579536903245923,0.00564068016896182
"23","V--T*--F","8-schools",4,0.555789332075981,0.00574501261876514
"24","V--T*--F","8-schools",9,0.309564013395216,0.00699148422757771
"25","V--T*--F","8-schools",5,0.17609338982906,0.0079855940345706
"26","V--T*--F","8-schools",8,0.589740384014589,0.0055962122089204
"27","V--T*--F","8-schools",2,0.0760318497839181,0.00926464721196009
"28","V--T*--F","8-schools",3,0.193555850293935,0.00782826298493854
"29","V--T*--F","8-schools",7,0.993404193601849,0.00308785946059972
"30","V--T*--F","8-schools",10,0.0784880132068491,0.00921948594992189
"31","V--T*--F","sparse-car",6,0.0198673130237452,0.0110030147123496
"32","V--T*--F","sparse-car",1,0.00194865836925651,0.0134914832193771
"33","V--T*--F","sparse-car",4,0.265019187024888,0.00727975897282326
"34","V--T*--F","sparse-car",9,0.229684695173878,0.00753478059912646
"35","V--T*--F","sparse-car",5,0.00338580113658371,0.0129428595732894
"36","V--T*--F","sparse-car",8,0.128145499522901,0.00849262518627319
"37","V--T*--F","sparse-car",2,0.704547227333197,0.0051011723315484
"38","V--T*--F","sparse-car",3,0.00114410116863084,0.0139999821061579
"39","V--T*--F","sparse-car",7,0.00268470850837543,0.0131760538125659
"40","V--T*--F","sparse-car",10,0.0269723041295393,0.0106320442650298
"41","V--T*--F","coll-rockets",6,0.913374520162309,0.00405124721347695
"42","V--T*--F","coll-rockets",1,0.271822005577489,0.00723382227762854
"43","V--T*--F","coll-rockets",4,0.882220295976354,0.00424630596763969
"44","V--T*--F","coll-rockets",9,0.764716660805511,0.00483531576763843
"45","V--T*--F","coll-rockets",5,0.933619328443606,0.00390405404917362
"46","V--T*--F","coll-rockets",8,0.153039564957231,0.00821336836736084
"47","V--T*--F","coll-rockets",2,0.491077992398068,0.00603776745001154
"48","V--T*--F","coll-rockets",3,0.000372955750769677,0.0150141582931042
"49","V--T*--F","coll-rockets",7,0.911016045391452,0.00406713690518397
"50","V--T*--F","coll-rockets",10,0.234278579672376,0.00750003949358697
"51","V--T*--F","mrna-no-transf",6,0.00308967128414306,0.013035347509769
"52","V--T*--F","mrna-no-transf",1,2.24640332568971e-06,0.0189637785096835
"53","V--T*--F","mrna-no-transf",4,4.8710319167089e-07,0.0199938205115461
"54","V--T*--F","mrna-no-transf",9,0.634722642612434,0.00540189638547654
"55","V--T*--F","mrna-no-transf",5,0.00384548445970645,0.0128131022166498
"56","V--T*--F","mrna-no-transf",8,8.96302025849005e-05,0.016212747185773
"57","V--T*--F","mrna-no-transf",2,0.47102958995058,0.00613183625505433
"58","V--T*--F","mrna-no-transf",3,0.0548036825361534,0.00971746504773175
"59","V--T*--F","mrna-no-transf",7,0,0.0414019782216141
"60","V--T*--F","mrna-no-transf",10,0.00101246077407224,0.0141141184162386
"61","V--T*--F","toy-mix",6,0.131778078929805,0.00844927668518979
"62","V--T*--F","toy-mix",1,0.3463933537572,0.00677412780111742
"63","V--T*--F","toy-mix",4,0.196907456457781,0.00779934356601827
"64","V--T*--F","toy-mix",9,0.484253910895574,0.00606957571059132
"65","V--T*--F","toy-mix",5,0.78129926468854,0.00475957458714457
"66","V--T*--F","toy-mix",8,0.674479605242451,0.00523103607116654
"67","V--T*--F","toy-mix",2,0.759777729453736,0.00485761318991723
"68","V--T*--F","toy-mix",3,0.141844106855954,0.00833403129192936
"69","V--T*--F","toy-mix",7,0.0963278005072167,0.00892306121843755
"70","V--T*--F","toy-mix",10,0.077920205254764,0.00922981884987647
"71","V--T*--F","vaccines",6,0.261971413329215,0.00730072954559001
"72","V--T*--F","vaccines",1,0.597910367476337,0.00556073492316832
"73","V--T*--F","vaccines",4,0.183728065580746,0.00791537126795088
"74","V--T*--F","vaccines",9,0.249159750895745,0.00739089180764696
"75","V--T*--F","vaccines",5,0.31573905447105,0.00695385190520057
"76","V--T*--F","vaccines",8,0.77364162323762,0.00479472922369837
"77","V--T*--F","vaccines",2,0.230105173747402,0.0075315791090187
"78","V--T*--F","vaccines",3,0,1
"79","V--T*--F","vaccines",7,0,1
"80","V--T*--F","vaccines",10,0.311802061996221,0.00697778532517716
"81","V--T*--F","titanic",6,0.753343282369285,0.00488650373167174
"82","V--T*--F","titanic",1,0.0732570168810704,0.00931717865175241
"83","V--T*--F","titanic",4,0.00148740193101082,0.0137517583646877
"84","V--T*--F","titanic",9,0.000738650399981555,0.0144043654344021
"85","V--T*--F","titanic",5,0.173136217520602,0.00801343812284241
"86","V--T*--F","titanic",8,0.0275959197500975,0.0106037882708656
"87","V--T*--F","titanic",2,0.00120842437325119,0.0139486058780051
"88","V--T*--F","titanic",3,0.000115818698934622,0.0160038771457811
"89","V--T*--F","titanic",7,0.0384528604799838,0.0101848391002015
"90","V--T*--F","titanic",10,0.0373608464418034,0.0102219008797886
"91","F--T F--T","phylo",6,1.09462439112917e-11,0.0260907353975413
"92","F--T F--T","phylo",1,0.539972874164673,0.00581528688924758
"93","F--T F--T","phylo",4,0.286172412952283,0.00713900654156686
"94","F--T F--T","phylo",9,0.0182495518025044,0.0111038731516065
"95","F--T F--T","phylo",5,0.0106930479332676,0.0117187265148402
"96","F--T F--T","phylo",8,0,0.0319694946721387
"97","F--T F--T","phylo",2,1.86253327316699e-06,0.0190930405791772
"98","F--T F--T","phylo",3,0.924030736646951,0.00397642997727776
"99","F--T F--T","phylo",7,0.401728871326134,0.00647439482151862
"100","F--T F--T","phylo",10,0.029352849980161,0.0105271096450645
"101","F--T F--T","mining",6,0.720475773157557,0.0050317940032605
"102","F--T F--T","mining",1,0.412419769034106,0.00641948232815026
"103","F--T F--T","mining",4,0.117854192448095,0.00862113257416665
"104","F--T F--T","mining",9,0.496978959099729,0.00601042739954193
"105","F--T F--T","mining",5,0.590784356346089,0.00559167286847554
"106","F--T F--T","mining",8,0.542972909713304,0.00580190288546403
"107","F--T F--T","mining",2,0.0495955246091088,0.00985142809479283
"108","F--T F--T","mining",3,0.0597820827717785,0.00959929443508352
"109","F--T F--T","mining",7,0.0990978504800201,0.00888124520728899
"110","F--T F--T","mining",10,0.431578272994672,0.0063231138506349
"111","F--T F--T","8-schools",6,0.0119284414030095,0.0115956220321579
"112","F--T F--T","8-schools",1,0.881194478453011,0.00425227404023768
"113","F--T F--T","8-schools",4,0.00546685811022618,0.0124475005469817
"114","F--T F--T","8-schools",9,0.096312424633593,0.00892329611105421
"115","F--T F--T","8-schools",5,0.244782665786778,0.00742248005172578
"116","F--T F--T","8-schools",8,0.000934325101872524,0.0141886116281364
"117","F--T F--T","8-schools",2,0.0398174347076657,0.0101397977221544
"118","F--T F--T","8-schools",3,0.113526524552124,0.00867793770948079
"119","F--T F--T","8-schools",7,0.00262818338465498,0.0131972346511023
"120","F--T F--T","8-schools",10,0.0490239383713839,0.00986686125226035
"121","F--T F--T","sparse-car",6,0.0160636485798475,0.0112536743865119
"122","F--T F--T","sparse-car",1,0.202469327767284,0.00775218315404632
"123","F--T F--T","sparse-car",4,0.190867242930457,0.00785174424600377
"124","F--T F--T","sparse-car",9,6.92792291323574e-06,0.0181675514186469
"125","F--T F--T","sparse-car",5,0.628735607634384,0.00542764844184858
"126","F--T F--T","sparse-car",8,0.111517337218336,0.00870491860801445
"127","F--T F--T","sparse-car",2,0.00332829619340314,0.0129602198752903
"128","F--T F--T","sparse-car",3,0.068983810481879,0.00940147809910559
"129","F--T F--T","sparse-car",7,0.00543660328369822,0.0124533511107666
"130","F--T F--T","sparse-car",10,0.13243114773748,0.0084415868584624
"131","F--T F--T","coll-rockets",6,0.784430896090793,0.00474510200171875
"132","F--T F--T","coll-rockets",1,0.000102673046645574,0.016102383158609
"133","F--T F--T","coll-rockets",4,0.316211840482894,0.00695099169068806
"134","F--T F--T","coll-rockets",9,0.000177066001092463,0.0156518531194191
"135","F--T F--T","coll-rockets",5,3.35858276073742e-05,0.0169888527677215
"136","F--T F--T","coll-rockets",8,0.416942240911434,0.00639650547991536
"137","F--T F--T","coll-rockets",2,0.119905493315656,0.00859480409956396
"138","F--T F--T","coll-rockets",3,0.390379721999389,0.00653365614104351
"139","F--T F--T","coll-rockets",7,0.943730836276389,0.00382099519486337
"140","F--T F--T","coll-rockets",10,0.105588667368328,0.00878694363478893
"141","F--T F--T","mrna-no-transf",6,1.81655801512193e-10,0.024637036496941
"142","F--T F--T","mrna-no-transf",1,0,0.037098634351203
"143","F--T F--T","mrna-no-transf",4,0.0408446745992805,0.0101067709951912
"144","F--T F--T","mrna-no-transf",9,0,0.0511071508474296
"145","F--T F--T","mrna-no-transf",5,5.34328137291595e-12,0.0264490631466747
"146","F--T F--T","mrna-no-transf",8,0,0.0745284651667268
"147","F--T F--T","mrna-no-transf",2,0,0.138839053005427
"148","F--T F--T","mrna-no-transf",3,0,0.0895067371434023
"149","F--T F--T","mrna-no-transf",7,0,0.0434468330831726
"150","F--T F--T","mrna-no-transf",10,2.09950320240182e-07,0.0205388916411995
"151","F--T F--T","toy-mix",6,0.0607853077590097,0.00957650985126822
"152","F--T F--T","toy-mix",1,0.0299637256153574,0.010501395716552
"153","F--T F--T","toy-mix",4,5.70932108301392e-06,0.0183067882362342
"154","F--T F--T","toy-mix",9,0.192608206138632,0.0078365102284715
"155","F--T F--T","toy-mix",5,1.61351497152129e-05,0.0175461118114533
"156","F--T F--T","toy-mix",8,0.910751588855939,0.00406890491278233
"157","F--T F--T","toy-mix",2,0.259439665276568,0.00731828561227306
"158","F--T F--T","toy-mix",3,0.348002077767973,0.00676499586623372
"159","F--T F--T","toy-mix",7,0.0393350327564479,0.0101555645296452
"160","F--T F--T","toy-mix",10,0.158571260658232,0.00815634559072387
"161","F--T F--T","vaccines",6,0.348705887456085,0.00676100944225691
"162","F--T F--T","vaccines",1,0.066842862663158,0.00944539676795087
"163","F--T F--T","vaccines",4,0.265484423907606,0.0072765733589062
"164","F--T F--T","vaccines",9,0.362400262772335,0.00668446982688143
"165","F--T F--T","vaccines",5,0.52302521418134,0.00589142422445255
"166","F--T F--T","vaccines",8,0.267626081661337,0.00726196101299852
"167","F--T F--T","vaccines",2,0.864128279377965,0.00434836437189244
"168","F--T F--T","vaccines",3,0.332373056428168,0.00685493486154595
"169","F--T F--T","vaccines",7,0.85709324278498,0.00438642985175584
"170","F--T F--T","vaccines",10,0.620461065353523,0.00546327948913259
"171","F--T F--T","titanic",6,0.48002550631142,0.00608939207179365
"172","F--T F--T","titanic",1,7.78050720517953e-08,0.0211637610056208
"173","F--T F--T","titanic",4,0.758867936085051,0.00486170874707889
"174","F--T F--T","titanic",9,0.00820056138708725,0.0120123025326746
"175","F--T F--T","titanic",5,0.00550018268614505,0.0124410905662411
"176","F--T F--T","titanic",8,3.66913688321091e-09,0.0229800513501262
"177","F--T F--T","titanic",2,0.0176571030509226,0.0111428163222957
"178","F--T F--T","titanic",3,7.27251544766494e-05,0.0163810811856126
"179","F--T F--T","titanic",7,0.040906282419108,0.0101048133483701
"180","F--T F--T","titanic",10,5.54201948066435e-06,0.0183280997095682
"181","V--T* F--T","phylo",6,6.90379913594885e-05,0.0164227185583634
"182","V--T* F--T","phylo",1,0.0276088816181065,0.0106032069772693
"183","V--T* F--T","phylo",4,0.0969264672627713,0.0089139397843414
"184","V--T* F--T","phylo",9,0.0763590834263455,0.00925855975540846
"185","V--T* F--T","phylo",5,0.486488998167049,0.00605913442750814
"186","V--T* F--T","phylo",8,0.925473389924843,0.00396587681080346
"187","V--T* F--T","phylo",2,0.00848778300974262,0.0119746275821004
"188","V--T* F--T","phylo",3,4.06230604710345e-13,0.0276982805864211
"189","V--T* F--T","phylo",7,2.25819363208757e-13,0.0279751198490197
"190","V--T* F--T","phylo",10,0,0.0333275227725486
"191","V--T* F--T","mining",6,0.768127265888957,0.00481985223289265
"192","V--T* F--T","mining",1,0.815007697927573,0.00460029201615085
"193","V--T* F--T","mining",4,0.061559222182433,0.00955915229947352
"194","V--T* F--T","mining",9,0.0168997804446456,0.0111943355611742
"195","V--T* F--T","mining",5,0.558360058233678,0.00573365439191233
"196","V--T* F--T","mining",8,0.965891891370604,0.00360048740705492
"197","V--T* F--T","mining",2,0.233727054366386,0.00750418317935822
"198","V--T* F--T","mining",3,0.148877381677441,0.00825737216759086
"199","V--T* F--T","mining",7,0.471646855411282,0.00612891116067591
"200","V--T* F--T","mining",10,0.503358802535998,0.00598103369505084
"201","V--T* F--T","8-schools",6,0.00364549813917936,0.0128676951860544
"202","V--T* F--T","8-schools",1,0.00799109258039443,0.0120405426506482
"203","V--T* F--T","8-schools",4,1.87920953131915e-07,0.0206096096949652
"204","V--T* F--T","8-schools",9,0.100578693771503,0.00885928856056793
"205","V--T* F--T","8-schools",5,0.00232869688546167,0.0133170187597607
"206","V--T* F--T","8-schools",8,0.109225348051423,0.00873619145343877
"207","V--T* F--T","8-schools",2,0.427971738105449,0.00634106557199157
"208","V--T* F--T","8-schools",3,0.8044937770668,0.00465087443476901
"209","V--T* F--T","8-schools",7,0.00670004521586542,0.0122311279443069
"210","V--T* F--T","8-schools",10,0.0183400292043548,0.0110980255880466
"211","V--T* F--T","sparse-car",6,0.387390524105545,0.00654943907474381
"212","V--T* F--T","sparse-car",1,0.0508956835867739,0.00981688775431045
"213","V--T* F--T","sparse-car",4,0.152256141212423,0.00822157698299675
"214","V--T* F--T","sparse-car",9,1.9073858326113e-07,0.0206001293589517
"215","V--T* F--T","sparse-car",5,0,0.0317116283324855
"216","V--T* F--T","sparse-car",8,0.763021750721641,0.00484298009245321
"217","V--T* F--T","sparse-car",2,0.647026052342448,0.00534902367008898
"218","V--T* F--T","sparse-car",3,1.15792118691171e-05,0.0177925804212908
"219","V--T* F--T","sparse-car",7,7.23381887903773e-05,0.0163853555061812
"220","V--T* F--T","sparse-car",10,7.36046179561356e-09,0.0225789172655713
"221","V--T* F--T","coll-rockets",6,0.306074567520619,0.00701298108981551
"222","V--T* F--T","coll-rockets",1,0.333648942950621,0.00684748780302587
"223","V--T* F--T","coll-rockets",4,0.0700384247581178,0.00938026925846904
"224","V--T* F--T","coll-rockets",9,0.0633495429744403,0.00951970334085094
"225","V--T* F--T","coll-rockets",5,0.162369019597913,0.00811810959807222
"226","V--T* F--T","coll-rockets",8,0.216721306981349,0.00763573279541499
"227","V--T* F--T","coll-rockets",2,0.240620848595945,0.00745290670868702
"228","V--T* F--T","coll-rockets",3,0.12417369281598,0.00854118420313875
"229","V--T* F--T","coll-rockets",7,0.000221504719473797,0.0154629325756144
"230","V--T* F--T","coll-rockets",10,0.881876036078159,0.00424831149305159
"231","V--T* F--T","mrna-no-transf",6,0,1
"232","V--T* F--T","mrna-no-transf",1,0,0.510655265131567
"233","V--T* F--T","mrna-no-transf",4,0,0.510710265256508
"234","V--T* F--T","mrna-no-transf",9,0,0.510825265631392
"235","V--T* F--T","mrna-no-transf",5,0,0.510680260756208
"236","V--T* F--T","mrna-no-transf",8,0,0.510637764694056
"237","V--T* F--T","mrna-no-transf",2,0.00120794333625829,0.0139489805311036
"238","V--T* F--T","mrna-no-transf",3,0,0.489179724492861
"239","V--T* F--T","mrna-no-transf",7,0.000579360447865551,0.0146240274087756
"240","V--T* F--T","mrna-no-transf",10,0,0.0439213324200298
"241","V--T* F--T","toy-mix",6,2.52398108139262e-05,0.0172081558401778
"242","V--T* F--T","toy-mix",1,0.00190308881247514,0.0135144848194683
"243","V--T* F--T","toy-mix",4,0.0502969137163494,0.00983269894012963
"244","V--T* F--T","toy-mix",9,0.62761090614637,0.005432488554851
"245","V--T* F--T","toy-mix",5,0.439880686456085,0.00628210377493049
"246","V--T* F--T","toy-mix",8,0.954583827270117,0.00372137909878068
"247","V--T* F--T","toy-mix",2,0.00171164683605984,0.0136170672630234
"248","V--T* F--T","toy-mix",3,0.600694300720723,0.00554866926825928
"249","V--T* F--T","toy-mix",7,0.96854471936259,0.0035685331355245
"250","V--T* F--T","toy-mix",10,0.954075805441852,0.00372634484620553
"251","V--T* F--T","vaccines",6,0.0276025839875355,0.0106034893734486
"252","V--T* F--T","vaccines",1,0.880405338526789,0.00425684900835456
"253","V--T* F--T","vaccines",4,0,1
"254","V--T* F--T","vaccines",9,0.241426391644492,0.00744698701471737
"255","V--T* F--T","vaccines",5,0,1
"256","V--T* F--T","vaccines",8,0,1
"257","V--T* F--T","vaccines",2,0.678299162904247,0.00521459346299148
"258","V--T* F--T","vaccines",3,0.541980503378203,0.00580632734229276
"259","V--T* F--T","vaccines",7,0,1
"260","V--T* F--T","vaccines",10,0.488866204088515,0.00604805409649717
"261","V--T* F--T","titanic",6,2.98218877148315e-07,0.020313370102366
"262","V--T* F--T","titanic",1,0.0355563774539576,0.0102852718825346
"263","V--T* F--T","titanic",4,1.25600541766024e-05,0.0177324962900562
"264","V--T* F--T","titanic",9,0.111391593377867,0.00870662048565315
"265","V--T* F--T","titanic",5,5.02210572528305e-06,0.0183985119904012
"266","V--T* F--T","titanic",8,0.243474069531612,0.00743200526610495
"267","V--T* F--T","titanic",2,0.141672769200467,0.00833593668483144
"268","V--T* F--T","titanic",3,0.00212185219483341,0.0134083879873385
"269","V--T* F--T","titanic",7,0.124531011388065,0.00853676412163817
"270","V--T* F--T","titanic",10,2.50213516572728e-10,0.0244658511582545
"271","Reference","phylo",6,0.0259317320543925,0.00645325275784268
"272","Reference","phylo",1,0.000365466431330508,0.0090823920958863
"273","Reference","phylo",4,2.28668195489945e-11,0.015538706731306
"274","Reference","phylo",9,2.781093737525e-07,0.0123007386923202
"275","Reference","phylo",5,0.0977733510861327,0.0053781310032177
"276","Reference","phylo",8,1.92901250528621e-12,0.0162833703419795
"277","Reference","phylo",2,0.254204130335107,0.00444395024607529
"278","Reference","phylo",3,0.0996467257095888,0.00536118838061532
"279","Reference","phylo",7,7.87633313800162e-05,0.00985889986671988
"280","Reference","phylo",10,4.47276345361125e-06,0.0111663611770631
"281","Reference","mining",6,0.090116608427805,0.00545032546962355
"282","Reference","mining",1,0.0751002579021135,0.00560832442784778
"283","Reference","mining",4,0.219167786510759,0.00460185595041376
"284","Reference","mining",9,0.146686876901543,0.00500340847326838
"285","Reference","mining",5,0.00303065807822567,0.00788779311309305
"286","Reference","mining",8,0.309588508981381,0.00422422404924199
"287","Reference","mining",2,0.601097700972054,0.00335149785268084
"288","Reference","mining",3,0.569295650673024,0.00343523884185368
"289","Reference","mining",7,0.177812211595788,0.00481528805166256
"290","Reference","mining",10,0.531456021768404,0.00353669436079144
"291","Reference","8-schools",6,0.756434209823095,0.00294409525274217
"292","Reference","8-schools",1,0.590004678332288,0.00338058506463565
"293","Reference","8-schools",4,0.000699956280557079,0.00873281565534699
"294","Reference","8-schools",9,0.00193536966942098,0.00815569148374686
"295","Reference","8-schools",5,0.447315927091662,0.00377372748707282
"296","Reference","8-schools",8,0.120310341427407,0.00518994132872617
"297","Reference","8-schools",2,0.0282388274328205,0.0063896524411893
"298","Reference","8-schools",3,0.685297164263633,0.00313248047704793
"299","Reference","8-schools",7,0.19751203448776,0.0047093030940001
"300","Reference","8-schools",10,0.22727750604983,0.00456370494413778
"301","Reference","sparse-car",6,0.344249024927656,0.00410036726359413
"302","Reference","sparse-car",1,3.42396333985473e-06,0.0112804435971164
"303","Reference","sparse-car",4,0.00121030909897768,0.00842698145404926
"304","Reference","sparse-car",9,0.0746861374309431,0.00561304758297729
"305","Reference","sparse-car",5,0.735375376290462,0.00300071065336032
"306","Reference","sparse-car",8,0.0189792294069135,0.00668099603871774
"307","Reference","sparse-car",2,0.000377977124693785,0.00906461652191158
"308","Reference","sparse-car",3,0.48092239677003,0.00367671915343289
"309","Reference","sparse-car",7,0.0525264979961469,0.00590591220221432
"310","Reference","sparse-car",10,0.0450908063878899,0.00602848926787421
"311","Reference","coll-rockets",6,0.845064628422769,0.00268858744002314
"312","Reference","coll-rockets",1,0.394685113734573,0.00393403437479305
"313","Reference","coll-rockets",4,0.014004090370154,0.00689558243806171
"314","Reference","coll-rockets",9,0.344956401663888,0.00409792903700248
"315","Reference","coll-rockets",5,0.11776529369493,0.00520965694186852
"316","Reference","coll-rockets",8,0.829180259162527,0.00273738401486002
"317","Reference","coll-rockets",2,0.943710706999163,0.00230878303166443
"318","Reference","coll-rockets",3,0.103170412205944,0.00533002579052053
"319","Reference","coll-rockets",7,0.0259898837932028,0.00645158927186477
"320","Reference","coll-rockets",10,0.123408624549591,0.00516639634769519
"321","Reference","mrna-no-transf",6,0.00601650868052139,0.00745959848016179
"322","Reference","mrna-no-transf",1,0,0.0407516003830361
"323","Reference","mrna-no-transf",4,1.11022302462516e-16,0.0190365338893135
"324","Reference","mrna-no-transf",9,0,0.0393932658696641
"325","Reference","mrna-no-transf",5,0,0.027279722893754
"326","Reference","mrna-no-transf",8,0,0.0541876614216477
"327","Reference","mrna-no-transf",2,0,0.0427456571762383
"328","Reference","mrna-no-transf",3,0,0.03809571759736
"329","Reference","mrna-no-transf",7,0,0.0347813257074123
"330","Reference","mrna-no-transf",10,5.10702591327572e-15,0.0179428887795563
"331","Reference","toy-mix",6,0.984891491496891,0.00200309412808736
"332","Reference","toy-mix",1,0.0116406427686367,0.00702285828283566
"333","Reference","toy-mix",4,0.0419909639040099,0.00608484007413437
"334","Reference","toy-mix",9,0.000415902215087693,0.00901392986832209
"335","Reference","toy-mix",5,2.26670579805965e-06,0.0114543147583423
"336","Reference","toy-mix",8,0.606582132324965,0.00333715671347263
"337","Reference","toy-mix",2,0.505323143322956,0.00360834388782511
"338","Reference","toy-mix",3,0.968793096546059,0.00215427755233379
"339","Reference","toy-mix",7,0.658309886498353,0.00320263890028647
"340","Reference","toy-mix",10,0.158797608734083,0.00492674490398493
"341","Reference","vaccines",6,0.843535349953665,0.00269336618080201
"342","Reference","vaccines",1,0.38716793955151,0.00395793928748778
"343","Reference","vaccines",4,0.718990429180277,0.00304417613107036
"344","Reference","vaccines",9,0.437187202419275,0.00380371123638327
"345","Reference","vaccines",5,0.767082353934611,0.00291506220971091
"346","Reference","vaccines",8,0.158210520648357,0.00493035142925526
"347","Reference","vaccines",2,0.866769099163714,0.00261855506370324
"348","Reference","vaccines",3,0.828416420486613,0.00273968673580588
"349","Reference","vaccines",7,0.344562900882352,0.00409928496849886
"350","Reference","vaccines",10,0.418522149163394,0.0038599943314889
"351","Reference","titanic",6,0.359768493181267,0.00404761227382479
"352","Reference","titanic",1,0.00010296750680705,0.00972778773710241
"353","Reference","titanic",4,0.0133608666759913,0.00692817929625048
"354","Reference","titanic",9,0.359731028325668,0.00404773782072254
"355","Reference","titanic",5,0.233076401350513,0.00453705133358166
"356","Reference","titanic",8,0.137455173286117,0.00506534484559146
"357","Reference","titanic",2,1.35006379253788e-06,0.0116690730398479
"358","Reference","titanic",3,0.000465801722849268,0.00895349239178576
"359","Reference","titanic",7,0.047314007290563,0.00599011108546593
"360","Reference","titanic",10,0.394030693903025,0.00393610433604052
"361","F--T--F","phylo",6,0.00835805718162541,0.0119914979723585
"362","F--T--F","phylo",1,0.451123246277366,0.00622723978519984
"363","F--T--F","phylo",4,0.550133688244549,0.00577006162240911
"364","F--T--F","phylo",9,0,0.0362452767254479
"365","F--T--F","phylo",5,0.00385995278697582,0.0128092546780893
"366","F--T--F","phylo",8,4.04048049962302e-06,0.0185530192032489
"367","F--T--F","phylo",2,0.792464845567408,0.00470769782145198
"368","F--T--F","phylo",3,0.00357810415054938,0.0128867151125251
"369","F--T--F","phylo",7,0.122556127759921,0.00856132483866124
"370","F--T--F","phylo",10,0.581506557517893,0.00563208114904608
"371","F--T--F","mining",6,0.166807062750326,0.00807431843879001
"372","F--T--F","mining",1,0.448145088027318,0.00624170086976311
"373","F--T--F","mining",4,0.0146493165194438,0.0113606621604612
"374","F--T--F","mining",9,0.598399166405313,0.00555861563922467
"375","F--T--F","mining",5,0.0585621549597164,0.00962744654645666
"376","F--T--F","mining",8,0.76547268296891,0.0048318927609172
"377","F--T--F","mining",2,0.0816672188525756,0.00916277069634876
"378","F--T--F","mining",3,0.555742598229359,0.00574521925926292
"379","F--T--F","mining",7,0.481643550136234,0.00608179925234168
"380","F--T--F","mining",10,0.00199399695402824,0.0134690882897854
"381","F--T--F","8-schools",6,0.110209569580153,0.0087226965663391
"382","F--T--F","8-schools",1,0.18929236905275,0.00786561841154884
"383","F--T--F","8-schools",4,0.613936674765718,0.00549141584932443
"384","F--T--F","8-schools",9,0.795673972110584,0.00469263894205485
"385","F--T--F","8-schools",5,0.104118236564368,0.0088078762047055
"386","F--T--F","8-schools",8,0.397872843552007,0.00649441457297495
"387","F--T--F","8-schools",2,0.350021483030112,0.00675357200945874
"388","F--T--F","8-schools",3,0.0932947729838876,0.00897001361480859
"389","F--T--F","8-schools",7,0.588380683594231,0.00560212715253378
"390","F--T--F","8-schools",10,0.836174140451016,0.0044953355195448
"391","F--T--F","sparse-car",6,0.295252916362297,0.00708076104822766
"392","F--T--F","sparse-car",1,0.0129215896783907,0.011504739466079
"393","F--T--F","sparse-car",4,0.102501968096464,0.00883116970168867
"394","F--T--F","sparse-car",9,0.00221523055015449,0.0133661625704851
"395","F--T--F","sparse-car",5,0.735132021237918,0.00496742280050076
"396","F--T--F","sparse-car",8,0.000366321324276275,0.0150298413443136
"397","F--T--F","sparse-car",2,0.00773629134321252,0.0120758164211368
"398","F--T--F","sparse-car",3,0.0179958507236587,0.0111204091417851
"399","F--T--F","sparse-car",7,0.314078518252813,0.00696392116038213
"400","F--T--F","sparse-car",10,0.251779936057873,0.00737217890420259
"401","F--T--F","coll-rockets",6,0.0974192965722819,0.00890646609882433
"402","F--T--F","coll-rockets",1,0.607804120097125,0.00551790321084343
"403","F--T--F","coll-rockets",4,0.18863858707491,0.00787140447049603
"404","F--T--F","coll-rockets",9,0.238605945840335,0.00746777869906771
"405","F--T--F","coll-rockets",5,0.294389959491434,0.00708624108422352
"406","F--T--F","coll-rockets",8,0.0742406757295172,0.00929836661587323
"407","F--T--F","coll-rockets",2,0.000200531672680193,0.0155471393910204
"408","F--T--F","coll-rockets",3,0.846531506957383,0.0044421516558215
"409","F--T--F","coll-rockets",7,0.461720940399114,0.00617618483114211
"410","F--T--F","coll-rockets",10,0.370081391877292,0.00664235541835343
"411","F--T--F","mrna-no-transf",6,0,0.0662804089478205
"412","F--T--F","mrna-no-transf",1,0,0.0558499731781758
"413","F--T--F","mrna-no-transf",4,0.0308422233075004,0.0104652146280155
"414","F--T--F","mrna-no-transf",9,0,0.0661855540838243
"415","F--T--F","mrna-no-transf",5,0.00476925901952097,0.012590628031364
"416","F--T--F","mrna-no-transf",8,0.0301294173320158,0.0104945008244437
"417","F--T--F","mrna-no-transf",2,0.0604881908662916,0.00958322397981946
"418","F--T--F","mrna-no-transf",3,0,0.0646460231209266
"419","F--T--F","mrna-no-transf",7,2.99760216648792e-15,0.0299417417182016
"420","F--T--F","mrna-no-transf",10,2.22044604925031e-15,0.0300716149585324
"421","F--T--F","toy-mix",6,0.0128957286172909,0.0115070248874828
"422","F--T--F","toy-mix",1,0.760964042176017,0.00485226741399071
"423","F--T--F","toy-mix",4,0.14787567768278,0.00826810972289408
"424","F--T--F","toy-mix",9,0.817071250248175,0.00459025313824755
"425","F--T--F","toy-mix",5,0.0252925231129716,0.0107111334466196
"426","F--T--F","toy-mix",8,0.0819034632822114,0.00915863101087754
"427","F--T--F","toy-mix",2,0.323482745385636,0.00690737079417535
"428","F--T--F","toy-mix",3,0.195109906515098,0.00781480585067029
"429","F--T--F","toy-mix",7,0.800072622767266,0.00467188138526404
"430","F--T--F","toy-mix",10,0.225295394940446,0.00756846737559258
"431","F--T--F","vaccines",6,0.879499295822774,0.00426208465102122
"432","F--T--F","vaccines",1,0.764143246240631,0.00483791021221853
"433","F--T--F","vaccines",4,0.320187084750048,0.00692705839572086
"434","F--T--F","vaccines",9,0.642937279522323,0.00536658986253145
"435","F--T--F","vaccines",5,0.689376239109893,0.00516683338104504
"436","F--T--F","vaccines",8,0.566758430627499,0.00569666136748173
"437","F--T--F","vaccines",2,0.150012387676416,0.00824527563536606
"438","F--T--F","vaccines",3,0.361918952684365,0.00668712777622431
"439","F--T--F","vaccines",7,0.740685123506575,0.00494286958404022
"440","F--T--F","vaccines",10,0.237353834548197,0.00747706789574585
"441","F--T--F","titanic",6,0.00548455666777126,0.0124440917913293
"442","F--T--F","titanic",1,2.23649436577045e-05,0.0173001484895115
"443","F--T--F","titanic",4,0.416351662449623,0.00639949770432845
"444","F--T--F","titanic",9,0.0625343886152343,0.00953754505395712
"445","F--T--F","titanic",5,0.890836241100259,0.00419518663375355
"446","F--T--F","titanic",8,0.564272270024051,0.00570759481247644
"447","F--T--F","titanic",2,0.000767105964058268,0.0143698795980076
"448","F--T--F","titanic",3,0.198887694982019,0.00778243592296618
"449","F--T--F","titanic",7,2.11657580062585e-05,0.0173419101215818
"450","F--T--F","titanic",10,0.0226434713996896,0.0108458639262371
"451","V--T* F--T*","phylo",6,2.22044604925031e-16,0.0311191436468747
"452","V--T* F--T*","phylo",1,8.07354183507414e-13,0.0273708325282261
"453","V--T* F--T*","phylo",4,0.0105929121619384,0.0117292600548426
"454","V--T* F--T*","phylo",9,1.13741016605218e-10,0.0248852192353362
"455","V--T* F--T*","phylo",5,0,0.0361205773731522
"456","V--T* F--T*","phylo",8,0,1
"457","V--T* F--T*","phylo",2,3.86013343300906e-06,0.0185852953739215
"458","V--T* F--T*","phylo",3,4.75759713969293e-06,0.018437071632326
"459","V--T* F--T*","phylo",7,0,0.0316656610099938
"460","V--T* F--T*","phylo",10,0.388520246351819,0.00654346537672392
"461","V--T* F--T*","mining",6,0.0711959580971118,0.00935730103588106
"462","V--T* F--T*","mining",1,0.575171837047891,0.00565976435025156
"463","V--T* F--T*","mining",4,0.213427819783764,0.00766210989866476
"464","V--T* F--T*","mining",9,0.725885824444755,0.00500809997623809
"465","V--T* F--T*","mining",5,0.480054413943567,0.0060892563116118
"466","V--T* F--T*","mining",8,0.0735107918115396,0.00931230491122797
"467","V--T* F--T*","mining",2,0.152158165966709,0.00822260593516688
"468","V--T* F--T*","mining",3,0.0055790286920292,0.0124260649393379
"469","V--T* F--T*","mining",7,0.685973874771552,0.00518151660726865
"470","V--T* F--T*","mining",10,0.384754110646837,0.00656342174842685
"471","V--T* F--T*","8-schools",6,0.00239966259973601,0.0132873979132343
"472","V--T* F--T*","8-schools",1,8.03319533115854e-09,0.0225280175731579
"473","V--T* F--T*","8-schools",4,0.0293051325052925,0.0105291380471921
"474","V--T* F--T*","8-schools",9,0.28351183957247,0.00715632221522074
"475","V--T* F--T*","8-schools",5,0.000232667233069694,0.0154211423163973
"476","V--T* F--T*","8-schools",8,0.0388367737565471,0.0101720277643673
"477","V--T* F--T*","8-schools",2,0.1249178527122,0.00853199051362353
"478","V--T* F--T*","8-schools",3,0.00383401612596712,0.0128161614460883
"479","V--T* F--T*","8-schools",7,0.000113908502159643,0.016017510918297
"480","V--T* F--T*","8-schools",10,0.42105502875278,0.00637573529717762
"481","V--T* F--T*","sparse-car",6,0,0.033912041985759
"482","V--T* F--T*","sparse-car",1,0,0.035254208021534
"483","V--T* F--T*","sparse-car",4,0,0.0323370554887402
"484","V--T* F--T*","sparse-car",9,0.000999758190942557,0.0141258549214618
"485","V--T* F--T*","sparse-car",5,0.00214187087368178,0.0133991925476921
"486","V--T* F--T*","sparse-car",8,0.000115122802228251,0.0160088191414247
"487","V--T* F--T*","sparse-car",2,0.449149964926131,0.00623681575338548
"488","V--T* F--T*","sparse-car",3,6.51941270498613e-05,0.0164684412375072
"489","V--T* F--T*","sparse-car",7,0.00947835507493056,0.0118530169614559
"490","V--T* F--T*","sparse-car",10,0.177739391977767,0.00797025488415349
"491","V--T* F--T*","coll-rockets",6,0.324011769990661,0.00690422330811783
"492","V--T* F--T*","coll-rockets",1,0.00810044485830286,0.0120257171637551
"493","V--T* F--T*","coll-rockets",4,0.113530819616356,0.00867788045518679
"494","V--T* F--T*","coll-rockets",9,0.0486595139507217,0.00987678237133188
"495","V--T* F--T*","coll-rockets",5,0.00949605392923702,0.0118509509315061
"496","V--T* F--T*","coll-rockets",8,0.027780864177313,0.0105955169005231
"497","V--T* F--T*","coll-rockets",2,0.961937869995694,0.0036452842667634
"498","V--T* F--T*","coll-rockets",3,0.0635367000580045,0.009515634660705
"499","V--T* F--T*","coll-rockets",7,0.015354735672034,0.0113061947004698
"500","V--T* F--T*","coll-rockets",10,0.106118986341769,0.00877945344803428
"501","V--T* F--T*","mrna-no-transf",6,1.10493836302794e-10,0.0249004918807654
"502","V--T* F--T*","mrna-no-transf",1,1.33711597349873e-10,0.0247997519503966
"503","V--T* F--T*","mrna-no-transf",4,0.413850083483064,0.00641219965695902
"504","V--T* F--T*","mrna-no-transf",9,0,0.0412277926579145
"505","V--T* F--T*","mrna-no-transf",5,7.63644703027921e-12,0.0262712511859998
"506","V--T* F--T*","mrna-no-transf",8,2.7560968507423e-08,0.0217979016903793
"507","V--T* F--T*","mrna-no-transf",2,0.000124340120643995,0.0159455442708883
"508","V--T* F--T*","mrna-no-transf",3,0.00239492713649159,0.0132893490595677
"509","V--T* F--T*","mrna-no-transf",7,3.41982109297589e-10,0.0242976505434187
"510","V--T* F--T*","mrna-no-transf",10,4.44089209850063e-16,0.0307156911384407
"511","V--T* F--T*","toy-mix",6,0.00044519254626274,0.0148585744995142
"512","V--T* F--T*","toy-mix",1,0.12856859292371,0.008487525178779
"513","V--T* F--T*","toy-mix",4,0.836466826511232,0.00449385065818205
"514","V--T* F--T*","toy-mix",9,0.564834873382472,0.00570511937682186
"515","V--T* F--T*","toy-mix",5,0.000180501697971902,0.0156357289101236
"516","V--T* F--T*","toy-mix",8,0.0772578524911369,0.0092419530099233
"517","V--T* F--T*","toy-mix",2,2.9436104681646e-05,0.0170904416367597
"518","V--T* F--T*","toy-mix",3,0.669519492674406,0.00525237354645052
"519","V--T* F--T*","toy-mix",7,0.123411628123861,0.00855064591275515
"520","V--T* F--T*","toy-mix",10,0.1904975337262,0.00785499323967423
"521","V--T* F--T*","vaccines",6,0.0509072760405966,0.00981658323147164
"522","V--T* F--T*","vaccines",1,0.793957326071612,0.00470070304685263
"523","V--T* F--T*","vaccines",4,0.401692312224042,0.0064745840857132
"524","V--T* F--T*","vaccines",9,0.0736400966989075,0.00930982710039525
"525","V--T* F--T*","vaccines",5,0,1
"526","V--T* F--T*","vaccines",8,0.207947329815586,0.0077067009929411
"527","V--T* F--T*","vaccines",2,0.366869636595292,0.00665989623389267
"528","V--T* F--T*","vaccines",3,0.617720652323097,0.00547509250009364
"529","V--T* F--T*","vaccines",7,0.0327314062786261,0.0103903825157007
"530","V--T* F--T*","vaccines",10,0.0594884132416126,0.00960602606494734
"531","V--T* F--T*","titanic",6,0,1
"532","V--T* F--T*","titanic",1,0.00437332497004495,0.0126806562833704
"533","V--T* F--T*","titanic",4,0.398775907722772,0.00648971559555752
"534","V--T* F--T*","titanic",9,0.000153572876579133,0.0157707737883207
"535","V--T* F--T*","titanic",5,0.0701382732657371,0.00937827535892908
"536","V--T* F--T*","titanic",8,1.81606617171148e-05,0.0174574231599153
"537","V--T* F--T*","titanic",2,0.0411193129759514,0.0100980638421656
"538","V--T* F--T*","titanic",3,0.0630774125610055,0.00952563766091752
"539","V--T* F--T*","titanic",7,0.00333045120031406,0.012959564326125
"540","V--T* F--T*","titanic",10,0.00177376398203288,0.0135826624327042
