"","model","nChains","objectiveType","antithetics","dim","essn","mean","sd","snr"
"1","CHRVariational",4,"ApproxRejection","IS",-1,0.5,NA,NA,NA
"2","CHRVariational",4,"ApproxRejection","IS",-1,1,1.3494005393188,0.258545012999024,5.21920931162535
"3","CHRVariational",4,"ApproxRejection","IS",0,0.5,NA,NA,NA
"4","CHRVariational",4,"ApproxRejection","IS",0,1,-0.0363285413232754,0.0459535008094938,0.790550027382683
"5","CHRVariational",4,"ApproxRejection","IS",1,0.5,NA,NA,NA
"6","CHRVariational",4,"ApproxRejection","IS",1,1,0.0167146760970937,0.0137025499065482,1.21982231125508
"7","CHRVariational",4,"ApproxRejection","IS",2,0.5,NA,NA,NA
"8","CHRVariational",4,"ApproxRejection","IS",2,1,-0.0645121117417075,0.0565226362378882,1.14135001542026
"9","CHRVariational",4,"ApproxRejection","IS",3,0.5,NA,NA,NA
"10","CHRVariational",4,"ApproxRejection","IS",3,1,-0.0557214787517097,0.0616398284852904,0.903984974017359
"11","CHRVariational",4,"ApproxRejection","MCMC",-1,0.5,2.20730587846223,0.128448803421108,17.1843241795392
"12","CHRVariational",4,"ApproxRejection","MCMC",-1,1,2.20730587846223,0.128448803421108,17.1843241795392
"13","CHRVariational",4,"ApproxRejection","MCMC",0,0.5,-0.0537957004104768,0.0418809523795925,1.28449085691495
"14","CHRVariational",4,"ApproxRejection","MCMC",0,1,-0.0537957004104768,0.0418809523795924,1.28449085691495
"15","CHRVariational",4,"ApproxRejection","MCMC",1,0.5,0.0305058274298263,0.0176891705261555,1.72454821353663
"16","CHRVariational",4,"ApproxRejection","MCMC",1,1,0.0305058274298263,0.0176891705261555,1.72454821353663
"17","CHRVariational",4,"ApproxRejection","MCMC",2,0.5,-0.112477679337848,0.0612967544604553,1.83496957266165
"18","CHRVariational",4,"ApproxRejection","MCMC",2,1,-0.112477679337848,0.0612967544604553,1.83496957266165
"19","CHRVariational",4,"ApproxRejection","MCMC",3,0.5,-0.0839572744946784,0.0548614682745403,1.53035048341279
"20","CHRVariational",4,"ApproxRejection","MCMC",3,1,-0.0839572744946784,0.0548614682745402,1.5303504834128
"21","CHRVariational",4,"ApproxRejection","OFF",-1,0.5,2.21502168850122,0.136326391690722,16.2479301405288
"22","CHRVariational",4,"ApproxRejection","OFF",-1,1,2.21502168850122,0.136326391690722,16.2479301405288
"23","CHRVariational",4,"ApproxRejection","OFF",0,0.5,-0.0518193203024951,0.0451833948716013,1.14686646388018
"24","CHRVariational",4,"ApproxRejection","OFF",0,1,-0.0518193203024951,0.0451833948716013,1.14686646388018
"25","CHRVariational",4,"ApproxRejection","OFF",1,0.5,0.0297545930325402,0.0189710201584736,1.56842345767315
"26","CHRVariational",4,"ApproxRejection","OFF",1,1,0.0297545930325402,0.0189710201584736,1.56842345767315
"27","CHRVariational",4,"ApproxRejection","OFF",2,0.5,-0.109091061021209,0.0632169056393583,1.72566277830103
"28","CHRVariational",4,"ApproxRejection","OFF",2,1,-0.109091061021209,0.0632169056393583,1.72566277830103
"29","CHRVariational",4,"ApproxRejection","OFF",3,0.5,-0.0809251645394382,0.0568251540661469,1.42410814135652
"30","CHRVariational",4,"ApproxRejection","OFF",3,1,-0.0809251645394382,0.0568251540661468,1.42410814135652
"31","CHRVariational",4,"Rejection","IS",-1,0.5,NA,NA,NA
"32","CHRVariational",4,"Rejection","IS",-1,1,1.3494005393188,0.258545012999024,5.21920931162534
"33","CHRVariational",4,"Rejection","IS",0,0.5,NA,NA,NA
"34","CHRVariational",4,"Rejection","IS",0,1,0.00772066147617762,0.0950948583802934,0.0811890527803508
"35","CHRVariational",4,"Rejection","IS",1,0.5,NA,NA,NA
"36","CHRVariational",4,"Rejection","IS",1,1,0.00112257285620988,0.0346578803070618,0.0323901186761599
"37","CHRVariational",4,"Rejection","IS",2,0.5,NA,NA,NA
"38","CHRVariational",4,"Rejection","IS",2,1,-0.0708162987059497,0.113190439475601,0.625638517122418
"39","CHRVariational",4,"Rejection","IS",3,0.5,NA,NA,NA
"40","CHRVariational",4,"Rejection","IS",3,1,-0.0394912629783064,0.0786668145197206,0.502006636717273
"41","CHRVariational",4,"Rejection","MCMC",-1,0.5,2.20730587846223,0.128448803421108,17.1843241795392
"42","CHRVariational",4,"Rejection","MCMC",-1,1,2.20730587846223,0.128448803421108,17.1843241795392
"43","CHRVariational",4,"Rejection","MCMC",0,0.5,0.220417237074072,0.140770915172304,1.56578677352691
"44","CHRVariational",4,"Rejection","MCMC",0,1,0.220417237074072,0.140770915172304,1.56578677352691
"45","CHRVariational",4,"Rejection","MCMC",1,0.5,0.0478900415238055,0.0583107510909008,0.821290081637768
"46","CHRVariational",4,"Rejection","MCMC",1,1,0.0478900415238055,0.0583107510909008,0.821290081637768
"47","CHRVariational",4,"Rejection","MCMC",2,0.5,-0.412757552639923,0.182748467017979,2.25861020546518
"48","CHRVariational",4,"Rejection","MCMC",2,1,-0.412757552639923,0.182748467017979,2.25861020546517
"49","CHRVariational",4,"Rejection","MCMC",3,0.5,-0.134488740285785,0.0995221599494157,1.35134466890733
"50","CHRVariational",4,"Rejection","MCMC",3,1,-0.134488740285785,0.0995221599494157,1.35134466890733
"51","CHRVariational",4,"Rejection","OFF",-1,0.5,2.21502168850122,0.136326391690722,16.2479301405288
"52","CHRVariational",4,"Rejection","OFF",-1,1,2.21502168850122,0.136326391690722,16.2479301405288
"53","CHRVariational",4,"Rejection","OFF",0,0.5,0.214755685126798,0.177528614700415,1.20969616920182
"54","CHRVariational",4,"Rejection","OFF",0,1,0.214755685126798,0.177528614700415,1.20969616920182
"55","CHRVariational",4,"Rejection","OFF",1,0.5,0.0501278575640555,0.068294849477257,0.733991771674505
"56","CHRVariational",4,"Rejection","OFF",1,1,0.0501278575640555,0.068294849477257,0.733991771674504
"57","CHRVariational",4,"Rejection","OFF",2,0.5,-0.391296838616302,0.218098908316932,1.79412561775727
"58","CHRVariational",4,"Rejection","OFF",2,1,-0.391296838616302,0.218098908316932,1.79412561775727
"59","CHRVariational",4,"Rejection","OFF",3,0.5,-0.119061021149539,0.110083016248166,1.08155667611009
"60","CHRVariational",4,"Rejection","OFF",3,1,-0.119061021149539,0.110083016248166,1.08155667611009
"61","CHRVariational",4,"SKL","IS",-1,0.5,1.04030977144207,0.912841425088593,1.1396390904818
"62","CHRVariational",4,"SKL","IS",-1,1,2.9014828910883,1.47948366561038,1.96114560676225
"63","CHRVariational",4,"SKL","IS",0,0.5,-0.153528830512174,0.24405511849137,0.629074413440761
"64","CHRVariational",4,"SKL","IS",0,1,0.00281200297452269,0.448012575352954,0.00627661616932813
"65","CHRVariational",4,"SKL","IS",1,0.5,0.0590455122852301,0.0782455570906723,0.754618082874753
"66","CHRVariational",4,"SKL","IS",1,1,0.0375184946119284,0.170170461466536,0.220475952692333
"67","CHRVariational",4,"SKL","IS",2,0.5,-0.205184144176615,0.28466349947566,0.72079541126473
"68","CHRVariational",4,"SKL","IS",2,1,-0.420629427792825,0.57339842048091,0.733572700531757
"69","CHRVariational",4,"SKL","IS",3,0.5,-0.202046582294015,0.305423746492306,0.66152872726648
"70","CHRVariational",4,"SKL","IS",3,1,-0.231011240196142,0.392435941526589,0.588659742269019
"71","CHRVariational",4,"SKL","MCMC",-1,0.5,16.0841548534477,2.90493879388597,5.53683089203121
"72","CHRVariational",4,"SKL","MCMC",-1,1,16.0841548534477,2.90493879388597,5.53683089203121
"73","CHRVariational",4,"SKL","MCMC",0,0.5,4.45841394705604,3.29447498544244,1.35330028813598
"74","CHRVariational",4,"SKL","MCMC",0,1,4.45841394705604,3.29447498544244,1.35330028813598
"75","CHRVariational",4,"SKL","MCMC",1,0.5,0.990676755419423,1.73955281098565,0.569500821799191
"76","CHRVariational",4,"SKL","MCMC",1,1,0.990676755419423,1.73955281098565,0.569500821799192
"77","CHRVariational",4,"SKL","MCMC",2,0.5,-7.37073852243055,3.08168327192502,2.39178976943543
"78","CHRVariational",4,"SKL","MCMC",2,1,-7.37073852243055,3.08168327192502,2.39178976943543
"79","CHRVariational",4,"SKL","MCMC",3,0.5,-2.23882903358127,1.38312044346164,1.61867973549576
"80","CHRVariational",4,"SKL","MCMC",3,1,-2.23882903358127,1.38312044346164,1.61867973549576
"81","CHRVariational",4,"SKL","OFF",-1,0.5,16.1102683893649,2.83747479826087,5.67767805347177
"82","CHRVariational",4,"SKL","OFF",-1,1,16.1102683893649,2.83747479826087,5.67767805347176
"83","CHRVariational",4,"SKL","OFF",0,0.5,4.48724223847348,3.33806671883946,1.34426379591165
"84","CHRVariational",4,"SKL","OFF",0,1,4.48724223847348,3.33806671883946,1.34426379591165
"85","CHRVariational",4,"SKL","OFF",1,0.5,0.997580449055708,1.74594483355155,0.571369971081194
"86","CHRVariational",4,"SKL","OFF",1,1,0.997580449055708,1.74594483355155,0.571369971081193
"87","CHRVariational",4,"SKL","OFF",2,0.5,-7.31757669644456,3.01643097683481,2.42590556609488
"88","CHRVariational",4,"SKL","OFF",2,1,-7.31757669644456,3.0164309768348,2.42590556609488
"89","CHRVariational",4,"SKL","OFF",3,0.5,-2.17533711470635,1.37347421298115,1.58382086401516
"90","CHRVariational",4,"SKL","OFF",3,1,-2.17533711470635,1.37347421298115,1.58382086401516
"91","CHRVariational",8,"ApproxRejection","IS",-1,0.5,NA,NA,NA
"92","CHRVariational",8,"ApproxRejection","IS",-1,1,2.14660509851851,0.303364079273295,7.0760028796444
"93","CHRVariational",8,"ApproxRejection","IS",0,0.5,NA,NA,NA
"94","CHRVariational",8,"ApproxRejection","IS",0,1,-0.0575820148520021,0.0465181940601636,1.237838570808
"95","CHRVariational",8,"ApproxRejection","IS",1,0.5,NA,NA,NA
"96","CHRVariational",8,"ApproxRejection","IS",1,1,0.028603035193583,0.014029686524414,2.03875084049875
"97","CHRVariational",8,"ApproxRejection","IS",2,0.5,NA,NA,NA
"98","CHRVariational",8,"ApproxRejection","IS",2,1,-0.105753492428748,0.054544590457228,1.93884474229715
"99","CHRVariational",8,"ApproxRejection","IS",3,0.5,NA,NA,NA
"100","CHRVariational",8,"ApproxRejection","IS",3,1,-0.0886348426078365,0.0604755766141269,1.46563038453331
"101","CHRVariational",8,"ApproxRejection","MCMC",-1,0.5,2.68284303352288,0.195422785775782,13.728404407258
"102","CHRVariational",8,"ApproxRejection","MCMC",-1,1,2.68284303352288,0.195422785775781,13.728404407258
"103","CHRVariational",8,"ApproxRejection","MCMC",0,0.5,-0.0730895202994395,0.0371819855203157,1.9657239729574
"104","CHRVariational",8,"ApproxRejection","MCMC",0,1,-0.0730895202994395,0.0371819855203157,1.9657239729574
"105","CHRVariational",8,"ApproxRejection","MCMC",1,0.5,0.0389728442782791,0.0125660073750455,3.10145005609931
"106","CHRVariational",8,"ApproxRejection","MCMC",1,1,0.0389728442782791,0.0125660073750455,3.10145005609931
"107","CHRVariational",8,"ApproxRejection","MCMC",2,0.5,-0.13985044902669,0.0463028177269982,3.02034424451766
"108","CHRVariational",8,"ApproxRejection","MCMC",2,1,-0.13985044902669,0.0463028177269983,3.02034424451766
"109","CHRVariational",8,"ApproxRejection","MCMC",3,0.5,-0.109823870283616,0.0466042515960445,2.35652041439363
"110","CHRVariational",8,"ApproxRejection","MCMC",3,1,-0.109823870283616,0.0466042515960445,2.35652041439363
"111","CHRVariational",8,"ApproxRejection","OFF",-1,0.5,2.70324946876089,0.171383573641988,15.7730954683431
"112","CHRVariational",8,"ApproxRejection","OFF",-1,1,2.70324946876089,0.171383573641987,15.7730954683431
"113","CHRVariational",8,"ApproxRejection","OFF",0,0.5,-0.0717978535409707,0.0371984304763759,1.93013126149417
"114","CHRVariational",8,"ApproxRejection","OFF",0,1,-0.0717978535409707,0.0371984304763759,1.93013126149417
"115","CHRVariational",8,"ApproxRejection","OFF",1,0.5,0.0384168626566932,0.0124506186813096,3.08553844913452
"116","CHRVariational",8,"ApproxRejection","OFF",1,1,0.0384168626566932,0.0124506186813096,3.08553844913452
"117","CHRVariational",8,"ApproxRejection","OFF",2,0.5,-0.137298906774724,0.0460511072692371,2.98144637374316
"118","CHRVariational",8,"ApproxRejection","OFF",2,1,-0.137298906774724,0.0460511072692372,2.98144637374315
"119","CHRVariational",8,"ApproxRejection","OFF",3,0.5,-0.107924504388585,0.0462645049484092,2.33277119270885
"120","CHRVariational",8,"ApproxRejection","OFF",3,1,-0.107924504388585,0.0462645049484091,2.33277119270885
"121","CHRVariational",8,"Rejection","IS",-1,0.5,NA,NA,NA
"122","CHRVariational",8,"Rejection","IS",-1,1,2.14660509851851,0.303364079273295,7.07600287964441
"123","CHRVariational",8,"Rejection","IS",0,0.5,NA,NA,NA
"124","CHRVariational",8,"Rejection","IS",0,1,0.134773152062225,0.133619975339982,1.00863027192835
"125","CHRVariational",8,"Rejection","IS",1,0.5,NA,NA,NA
"126","CHRVariational",8,"Rejection","IS",1,1,0.0390567111208012,0.0639867637336956,0.61038734953607
"127","CHRVariational",8,"Rejection","IS",2,0.5,NA,NA,NA
"128","CHRVariational",8,"Rejection","IS",2,1,-0.257685035439495,0.139783712260861,1.84345537310247
"129","CHRVariational",8,"Rejection","IS",3,0.5,NA,NA,NA
"130","CHRVariational",8,"Rejection","IS",3,1,-0.0923574663627113,0.098312308032622,0.939429337088346
"131","CHRVariational",8,"Rejection","MCMC",-1,0.5,2.68284303352288,0.195422785775781,13.728404407258
"132","CHRVariational",8,"Rejection","MCMC",-1,1,2.68284303352288,0.195422785775781,13.728404407258
"133","CHRVariational",8,"Rejection","MCMC",0,0.5,0.356567558970815,0.207236767300321,1.72058058816411
"134","CHRVariational",8,"Rejection","MCMC",0,1,0.356567558970815,0.207236767300321,1.7205805881641
"135","CHRVariational",8,"Rejection","MCMC",1,0.5,0.0877878567961312,0.0961788802625043,0.91275607031948
"136","CHRVariational",8,"Rejection","MCMC",1,1,0.0877878567961312,0.0961788802625043,0.91275607031948
"137","CHRVariational",8,"Rejection","MCMC",2,0.5,-0.700801636708079,0.268614715086308,2.60894730388433
"138","CHRVariational",8,"Rejection","MCMC",2,1,-0.700801636708079,0.268614715086308,2.60894730388433
"139","CHRVariational",8,"Rejection","MCMC",3,0.5,-0.228739273983952,0.12882367265408,1.77559969585844
"140","CHRVariational",8,"Rejection","MCMC",3,1,-0.228739273983952,0.128823672654079,1.77559969585845
"141","CHRVariational",8,"Rejection","OFF",-1,0.5,2.70324946876089,0.171383573641987,15.7730954683432
"142","CHRVariational",8,"Rejection","OFF",-1,1,2.70324946876089,0.171383573641987,15.7730954683432
"143","CHRVariational",8,"Rejection","OFF",0,0.5,0.326455543707724,0.243057360853946,1.34312140377387
"144","CHRVariational",8,"Rejection","OFF",0,1,0.326455543707724,0.243057360853945,1.34312140377387
"145","CHRVariational",8,"Rejection","OFF",1,0.5,0.0731000354227609,0.102276924154102,0.714726572267855
"146","CHRVariational",8,"Rejection","OFF",1,1,0.0731000354227609,0.102276924154102,0.714726572267855
"147","CHRVariational",8,"Rejection","OFF",2,0.5,-0.723200689624071,0.295976152764099,2.44344242895975
"148","CHRVariational",8,"Rejection","OFF",2,1,-0.723200689624071,0.295976152764099,2.44344242895975
"149","CHRVariational",8,"Rejection","OFF",3,0.5,-0.212913296184542,0.133027642867383,1.60051919732802
"150","CHRVariational",8,"Rejection","OFF",3,1,-0.212913296184542,0.133027642867383,1.60051919732802
"151","CHRVariational",8,"SKL","IS",-1,0.5,0.981359923484352,0.737756440164344,1.33019499398168
"152","CHRVariational",8,"SKL","IS",-1,1,3.0604377217028,1.25817277664147,2.43244630508717
"153","CHRVariational",8,"SKL","IS",0,0.5,-0.0429233627772341,0.181695463663006,0.236237944040502
"154","CHRVariational",8,"SKL","IS",0,1,0.270638678247386,0.483621941818069,0.559607939271696
"155","CHRVariational",8,"SKL","IS",1,0.5,0.0334331295853966,0.0617778542369595,0.541183082487102
"156","CHRVariational",8,"SKL","IS",1,1,0.121949063598038,0.235679754457961,0.517435466098938
"157","CHRVariational",8,"SKL","IS",2,0.5,-0.116666717157239,0.206959683864763,0.563717121028625
"158","CHRVariational",8,"SKL","IS",2,1,-0.689065932275352,0.524557146963811,1.31361461046472
"159","CHRVariational",8,"SKL","IS",3,0.5,-0.113872129960783,0.204173955731414,0.557721133201627
"160","CHRVariational",8,"SKL","IS",3,1,-0.288037333486704,0.353009079857752,0.815948795432602
"161","CHRVariational",8,"SKL","MCMC",-1,0.5,5.32022753470909,0.815687251628093,6.52238652018901
"162","CHRVariational",8,"SKL","MCMC",-1,1,5.32022753470909,0.815687251628094,6.522386520189
"163","CHRVariational",8,"SKL","MCMC",0,0.5,1.19339929956828,0.785527301000372,1.5192333838028
"164","CHRVariational",8,"SKL","MCMC",0,1,1.19339929956828,0.785527301000371,1.5192333838028
"165","CHRVariational",8,"SKL","MCMC",1,0.5,0.290124029132637,0.350537954096994,0.827653684121064
"166","CHRVariational",8,"SKL","MCMC",1,1,0.290124029132637,0.350537954096994,0.827653684121064
"167","CHRVariational",8,"SKL","MCMC",2,0.5,-2.43886618167186,0.764615822751236,3.18966219257188
"168","CHRVariational",8,"SKL","MCMC",2,1,-2.43886618167186,0.764615822751236,3.18966219257189
"169","CHRVariational",8,"SKL","MCMC",3,0.5,-0.811410785513872,0.424801199168438,1.91009532718419
"170","CHRVariational",8,"SKL","MCMC",3,1,-0.811410785513872,0.424801199168438,1.91009532718419
"171","CHRVariational",8,"SKL","OFF",-1,0.5,5.3130707095794,0.673873270766109,7.88437669228089
"172","CHRVariational",8,"SKL","OFF",-1,1,5.3130707095794,0.673873270766111,7.88437669228087
"173","CHRVariational",8,"SKL","OFF",0,0.5,1.1859109593925,0.669941010388431,1.77017221069196
"174","CHRVariational",8,"SKL","OFF",0,1,1.1859109593925,0.669941010388432,1.77017221069196
"175","CHRVariational",8,"SKL","OFF",1,0.5,0.269225002090251,0.278421119110738,0.96697047605491
"176","CHRVariational",8,"SKL","OFF",1,1,0.269225002090251,0.278421119110738,0.96697047605491
"177","CHRVariational",8,"SKL","OFF",2,0.5,-2.48502641074692,0.574146724949358,4.32820793494226
"178","CHRVariational",8,"SKL","OFF",2,1,-2.48502641074692,0.574146724949359,4.32820793494225
"179","CHRVariational",8,"SKL","OFF",3,0.5,-0.80205695808437,0.344083518626559,2.33099499007059
"180","CHRVariational",8,"SKL","OFF",3,1,-0.80205695808437,0.344083518626559,2.33099499007059
"181","CHRVariational",16,"ApproxRejection","IS",-1,0.5,1.99689926326334,0.253265782808469,7.88459949512204
"182","CHRVariational",16,"ApproxRejection","IS",-1,1,2.52109378806727,0.248954641163192,10.1267193746136
"183","CHRVariational",16,"ApproxRejection","IS",0,0.5,-0.056565935535799,0.0367727141733387,1.53825837465136
"184","CHRVariational",16,"ApproxRejection","IS",0,1,-0.0666651615265548,0.0323379046010834,2.06151766321685
"185","CHRVariational",16,"ApproxRejection","IS",1,0.5,0.0273565151404656,0.0118224474882188,2.31394685133739
"186","CHRVariational",16,"ApproxRejection","IS",1,1,0.0339584664998781,0.0115310836343313,2.94495015184646
"187","CHRVariational",16,"ApproxRejection","IS",2,0.5,-0.0969896521213496,0.0460438541083162,2.10646250188322
"188","CHRVariational",16,"ApproxRejection","IS",2,1,-0.12171129730707,0.0384926313440192,3.16193757239673
"189","CHRVariational",16,"ApproxRejection","IS",3,0.5,-0.082261644963823,0.0501027824607831,1.6418578155457
"190","CHRVariational",16,"ApproxRejection","IS",3,1,-0.0993510674986538,0.0415328158398717,2.39211008186149
"191","CHRVariational",16,"ApproxRejection","MCMC",-1,0.5,2.77799113947228,0.169527573254091,16.3866625714543
"192","CHRVariational",16,"ApproxRejection","MCMC",-1,1,2.77799113947228,0.169527573254091,16.3866625714543
"193","CHRVariational",16,"ApproxRejection","MCMC",0,0.5,-0.07290058648892,0.0262618383164323,2.77591330852514
"194","CHRVariational",16,"ApproxRejection","MCMC",0,1,-0.07290058648892,0.0262618383164323,2.77591330852514
"195","CHRVariational",16,"ApproxRejection","MCMC",1,0.5,0.0375220609212951,0.0093814136593433,3.99961693235064
"196","CHRVariational",16,"ApproxRejection","MCMC",1,1,0.0375220609212951,0.00938141365934331,3.99961693235064
"197","CHRVariational",16,"ApproxRejection","MCMC",2,0.5,-0.135161616689802,0.0304614515317067,4.43713644273041
"198","CHRVariational",16,"ApproxRejection","MCMC",2,1,-0.135161616689802,0.0304614515317067,4.43713644273042
"199","CHRVariational",16,"ApproxRejection","MCMC",3,0.5,-0.10918423831987,0.032719122838285,3.33701605814787
"200","CHRVariational",16,"ApproxRejection","MCMC",3,1,-0.10918423831987,0.032719122838285,3.33701605814787
"201","CHRVariational",16,"ApproxRejection","OFF",-1,0.5,2.81203969942138,0.135902125410714,20.6916535773302
"202","CHRVariational",16,"ApproxRejection","OFF",-1,1,2.81203969942138,0.135902125410715,20.6916535773301
"203","CHRVariational",16,"ApproxRejection","OFF",0,0.5,-0.0720998945481209,0.0248653501314134,2.89961308274659
"204","CHRVariational",16,"ApproxRejection","OFF",0,1,-0.0720998945481209,0.0248653501314134,2.89961308274659
"205","CHRVariational",16,"ApproxRejection","OFF",1,0.5,0.0366676315673082,0.009154939656574,4.00522919241503
"206","CHRVariational",16,"ApproxRejection","OFF",1,1,0.0366676315673082,0.00915493965657398,4.00522919241504
"207","CHRVariational",16,"ApproxRejection","OFF",2,0.5,-0.132225665142652,0.0290811390067585,4.54678426150786
"208","CHRVariational",16,"ApproxRejection","OFF",2,1,-0.132225665142652,0.0290811390067586,4.54678426150785
"209","CHRVariational",16,"ApproxRejection","OFF",3,0.5,-0.107154773568871,0.0307188129749252,3.48824590508554
"210","CHRVariational",16,"ApproxRejection","OFF",3,1,-0.107154773568871,0.0307188129749251,3.48824590508555
"211","CHRVariational",16,"Rejection","IS",-1,0.5,1.99689926326334,0.253265782808469,7.88459949512202
"212","CHRVariational",16,"Rejection","IS",-1,1,2.52109378806727,0.248954641163193,10.1267193746136
"213","CHRVariational",16,"Rejection","IS",0,0.5,-0.0301275200582998,0.265953598425841,0.113281114587741
"214","CHRVariational",16,"Rejection","IS",0,1,0.258227877379676,0.150821796777673,1.71213898055022
"215","CHRVariational",16,"Rejection","IS",1,0.5,-0.0018485167072314,0.0900671603475197,0.0205237591603753
"216","CHRVariational",16,"Rejection","IS",1,1,0.0748594571205129,0.0923725562251152,0.810407984575828
"217","CHRVariational",16,"Rejection","IS",2,0.5,0.270915712105253,0.269482240212956,1.00531935570657
"218","CHRVariational",16,"Rejection","IS",2,1,-0.493662009492709,0.145583378299966,3.39092288733366
"219","CHRVariational",16,"Rejection","IS",3,0.5,0.115967859344647,0.0967860858117213,1.19818730525212
"220","CHRVariational",16,"Rejection","IS",3,1,-0.166050243715719,0.0885997542528684,1.87416144791782
"221","CHRVariational",16,"Rejection","MCMC",-1,0.5,2.77799113947228,0.16952757325409,16.3866625714543
"222","CHRVariational",16,"Rejection","MCMC",-1,1,2.77799113947228,0.169527573254091,16.3866625714542
"223","CHRVariational",16,"Rejection","MCMC",0,0.5,0.418979900288095,0.273124788196115,1.5340237078271
"224","CHRVariational",16,"Rejection","MCMC",0,1,0.418979900288095,0.273124788196115,1.5340237078271
"225","CHRVariational",16,"Rejection","MCMC",1,0.5,0.0899209355248921,0.131415000784292,0.684251683508266
"226","CHRVariational",16,"Rejection","MCMC",1,1,0.0899209355248921,0.131415000784293,0.684251683508265
"227","CHRVariational",16,"Rejection","MCMC",2,0.5,-0.78801410221806,0.2855260251715,2.75986786754287
"228","CHRVariational",16,"Rejection","MCMC",2,1,-0.78801410221806,0.2855260251715,2.75986786754287
"229","CHRVariational",16,"Rejection","MCMC",3,0.5,-0.25228709681384,0.182495071010372,1.3824323879931
"230","CHRVariational",16,"Rejection","MCMC",3,1,-0.25228709681384,0.182495071010372,1.3824323879931
"231","CHRVariational",16,"Rejection","OFF",-1,0.5,2.81203969942138,0.135902125410714,20.6916535773302
"232","CHRVariational",16,"Rejection","OFF",-1,1,2.81203969942138,0.135902125410714,20.6916535773301
"233","CHRVariational",16,"Rejection","OFF",0,0.5,0.333666370770716,0.317379737533208,1.05131592005241
"234","CHRVariational",16,"Rejection","OFF",0,1,0.333666370770716,0.317379737533208,1.05131592005241
"235","CHRVariational",16,"Rejection","OFF",1,0.5,0.115281147405635,0.145389994102411,0.792909774275339
"236","CHRVariational",16,"Rejection","OFF",1,1,0.115281147405635,0.145389994102411,0.792909774275339
"237","CHRVariational",16,"Rejection","OFF",2,0.5,-0.799288634261077,0.29785278275767,2.68350232239183
"238","CHRVariational",16,"Rejection","OFF",2,1,-0.799288634261077,0.297852782757671,2.68350232239183
"239","CHRVariational",16,"Rejection","OFF",3,0.5,-0.269166679951127,0.154573904431362,1.74134619256285
"240","CHRVariational",16,"Rejection","OFF",3,1,-0.269166679951127,0.154573904431362,1.74134619256285
"241","CHRVariational",16,"SKL","IS",-1,0.5,1.18023527509731,0.404493547510107,2.91780989427977
"242","CHRVariational",16,"SKL","IS",-1,1,1.96799325135466,0.634444772054476,3.10191420599441
"243","CHRVariational",16,"SKL","IS",0,0.5,0.0336713522360092,0.137951564632931,0.244080973822978
"244","CHRVariational",16,"SKL","IS",0,1,0.290156266725388,0.326740669466887,0.888032295455628
"245","CHRVariational",16,"SKL","IS",1,0.5,0.0624632509849621,0.0685384211999873,0.911361100698562
"246","CHRVariational",16,"SKL","IS",1,1,0.119530621308521,0.187637884816498,0.637028185568267
"247","CHRVariational",16,"SKL","IS",2,0.5,-0.179298611305114,0.141999592502436,1.26266990028185
"248","CHRVariational",16,"SKL","IS",2,1,-0.692865106707141,0.318610763636575,2.17464438049388
"249","CHRVariational",16,"SKL","IS",3,0.5,-0.0929684409191921,0.111362025092288,0.834830731949667
"250","CHRVariational",16,"SKL","IS",3,1,-0.267042999535254,0.190823856951219,1.39942145495738
"251","CHRVariational",16,"SKL","MCMC",-1,0.5,2.3806705826974,0.346600715141766,6.86862570876018
"252","CHRVariational",16,"SKL","MCMC",-1,1,2.3806705826974,0.346600715141765,6.86862570876019
"253","CHRVariational",16,"SKL","MCMC",0,0.5,0.548058060549449,0.374668029695085,1.46278309626651
"254","CHRVariational",16,"SKL","MCMC",0,1,0.548058060549449,0.374668029695084,1.46278309626651
"255","CHRVariational",16,"SKL","MCMC",1,0.5,0.128532653084024,0.178515246929911,0.72000938460169
"256","CHRVariational",16,"SKL","MCMC",1,1,0.128532653084024,0.178515246929911,0.720009384601691
"257","CHRVariational",16,"SKL","MCMC",2,0.5,-1.09361335786974,0.375623351363735,2.91146264975082
"258","CHRVariational",16,"SKL","MCMC",2,1,-1.09361335786974,0.375623351363734,2.91146264975082
"259","CHRVariational",16,"SKL","MCMC",3,0.5,-0.374554511776061,0.195266469055894,1.91817117187102
"260","CHRVariational",16,"SKL","MCMC",3,1,-0.374554511776061,0.195266469055894,1.91817117187102
"261","CHRVariational",16,"SKL","OFF",-1,0.5,2.34496662538167,0.223620800222354,10.4863528931566
"262","CHRVariational",16,"SKL","OFF",-1,1,2.34496662538167,0.223620800222354,10.4863528931566
"263","CHRVariational",16,"SKL","OFF",0,0.5,0.501123662437121,0.228738457045764,2.19081508596896
"264","CHRVariational",16,"SKL","OFF",0,1,0.501123662437121,0.228738457045764,2.19081508596896
"265","CHRVariational",16,"SKL","OFF",1,0.5,0.135905201952492,0.110442767226094,1.23054868477057
"266","CHRVariational",16,"SKL","OFF",1,1,0.135905201952492,0.110442767226094,1.23054868477057
"267","CHRVariational",16,"SKL","OFF",2,0.5,-1.12473760592075,0.1983551447195,5.67032232771816
"268","CHRVariational",16,"SKL","OFF",2,1,-1.12473760592075,0.1983551447195,5.67032232771817
"269","CHRVariational",16,"SKL","OFF",3,0.5,-0.382077379360174,0.10522501068774,3.63105099123257
"270","CHRVariational",16,"SKL","OFF",3,1,-0.382077379360174,0.105225010687739,3.63105099123258
"271","CHRVariational",32,"ApproxRejection","IS",-1,0.5,2.5409371577653,0.207902046862202,12.2217996220568
"272","CHRVariational",32,"ApproxRejection","IS",-1,1,2.69717098000025,0.16421872777299,16.4242593800186
"273","CHRVariational",32,"ApproxRejection","IS",0,0.5,-0.0690436100050399,0.0225177106649387,3.0661913652059
"274","CHRVariational",32,"ApproxRejection","IS",0,1,-0.0739732127796445,0.0197050542733368,3.75402228045313
"275","CHRVariational",32,"ApproxRejection","IS",1,0.5,0.0333794687267191,0.00709226507379679,4.70646096548809
"276","CHRVariational",32,"ApproxRejection","IS",1,1,0.0363439108148066,0.00639307982205813,5.68488300261929
"277","CHRVariational",32,"ApproxRejection","IS",2,0.5,-0.120576938980185,0.025961719938547,4.64441259152315
"278","CHRVariational",32,"ApproxRejection","IS",2,1,-0.131194245264565,0.0227236149047385,5.77347599906771
"279","CHRVariational",32,"ApproxRejection","IS",3,0.5,-0.100896571253314,0.0274998981629234,3.66897981423608
"280","CHRVariational",32,"ApproxRejection","IS",3,1,-0.108386219996568,0.0237245080705656,4.56853392593794
"281","CHRVariational",32,"ApproxRejection","MCMC",-1,0.5,2.82128355355068,0.145840497174278,19.3449940737604
"282","CHRVariational",32,"ApproxRejection","MCMC",-1,1,2.82128355355068,0.145840497174277,19.3449940737605
"283","CHRVariational",32,"ApproxRejection","MCMC",0,0.5,-0.076508094036113,0.0194010986011239,3.94349287167072
"284","CHRVariational",32,"ApproxRejection","MCMC",0,1,-0.076508094036113,0.0194010986011239,3.94349287167074
"285","CHRVariational",32,"ApproxRejection","MCMC",1,0.5,0.0382060224973608,0.00612473028721666,6.23799264713798
"286","CHRVariational",32,"ApproxRejection","MCMC",1,1,0.0382060224973608,0.00612473028721666,6.23799264713798
"287","CHRVariational",32,"ApproxRejection","MCMC",2,0.5,-0.137175789260493,0.0231683404122428,5.92082932224208
"288","CHRVariational",32,"ApproxRejection","MCMC",2,1,-0.137175789260493,0.0231683404122427,5.92082932224209
"289","CHRVariational",32,"ApproxRejection","MCMC",3,0.5,-0.11230887662884,0.0244561272800894,4.59225924622476
"290","CHRVariational",32,"ApproxRejection","MCMC",3,1,-0.11230887662884,0.0244561272800894,4.59225924622476
"291","CHRVariational",32,"ApproxRejection","OFF",-1,0.5,2.89298839768902,0.123806117080425,23.3670877167541
"292","CHRVariational",32,"ApproxRejection","OFF",-1,1,2.89298839768902,0.123806117080425,23.3670877167541
"293","CHRVariational",32,"ApproxRejection","OFF",0,0.5,-0.0754399896966564,0.0182150574420097,4.14162787775063
"294","CHRVariational",32,"ApproxRejection","OFF",0,1,-0.0754399896966564,0.0182150574420096,4.14162787775065
"295","CHRVariational",32,"ApproxRejection","OFF",1,0.5,0.0375114570380914,0.00545886663355576,6.87165661961912
"296","CHRVariational",32,"ApproxRejection","OFF",1,1,0.0375114570380914,0.0054588666335558,6.87165661961908
"297","CHRVariational",32,"ApproxRejection","OFF",2,0.5,-0.134771338037663,0.0225388694679747,5.97950745618181
"298","CHRVariational",32,"ApproxRejection","OFF",2,1,-0.134771338037663,0.0225388694679746,5.97950745618182
"299","CHRVariational",32,"ApproxRejection","OFF",3,0.5,-0.11052010476871,0.0242906009771165,4.54991232505231
"300","CHRVariational",32,"ApproxRejection","OFF",3,1,-0.11052010476871,0.0242906009771165,4.54991232505232
"301","CHRVariational",32,"Rejection","IS",-1,0.5,2.5409371577653,0.207902046862202,12.2217996220568
"302","CHRVariational",32,"Rejection","IS",-1,1,2.69717098000025,0.164218727772989,16.4242593800187
"303","CHRVariational",32,"Rejection","IS",0,0.5,0.17492928046722,0.13290440290991,1.31620380241124
"304","CHRVariational",32,"Rejection","IS",0,1,0.350820674064215,0.157261483505531,2.23081117031353
"305","CHRVariational",32,"Rejection","IS",1,0.5,0.025688969277431,0.046748094635171,0.549519065491578
"306","CHRVariational",32,"Rejection","IS",1,1,0.0803915977413505,0.0693334631028208,1.15949202799997
"307","CHRVariational",32,"Rejection","IS",2,0.5,-0.117257100612739,0.117985618423971,0.993825367693422
"308","CHRVariational",32,"Rejection","IS",2,1,-0.634746239217949,0.168012729780401,3.77796515804241
"309","CHRVariational",32,"Rejection","IS",3,0.5,-0.0165218221262787,0.0647352268804539,0.255221506472657
"310","CHRVariational",32,"Rejection","IS",3,1,-0.190960431104834,0.0872663130964662,2.18824910012805
"311","CHRVariational",32,"Rejection","MCMC",-1,0.5,2.82128355355068,0.145840497174278,19.3449940737604
"312","CHRVariational",32,"Rejection","MCMC",-1,1,2.82128355355068,0.145840497174278,19.3449940737604
"313","CHRVariational",32,"Rejection","MCMC",0,0.5,0.387340724866109,0.341758853081276,1.13337437018491
"314","CHRVariational",32,"Rejection","MCMC",0,1,0.387340724866109,0.341758853081273,1.13337437018492
"315","CHRVariational",32,"Rejection","MCMC",1,0.5,0.122258191989558,0.147999986192971,0.826068941858895
"316","CHRVariational",32,"Rejection","MCMC",1,1,0.122258191989558,0.14799998619297,0.826068941858898
"317","CHRVariational",32,"Rejection","MCMC",2,0.5,-0.832951649126898,0.386737654431144,2.1537898872353
"318","CHRVariational",32,"Rejection","MCMC",2,1,-0.832951649126898,0.386737654431146,2.15378988723529
"319","CHRVariational",32,"Rejection","MCMC",3,0.5,-0.252821448703517,0.192444137216207,1.31373941737428
"320","CHRVariational",32,"Rejection","MCMC",3,1,-0.252821448703517,0.192444137216208,1.31373941737428
"321","CHRVariational",32,"Rejection","OFF",-1,0.5,2.89298839768902,0.123806117080426,23.367087716754
"322","CHRVariational",32,"Rejection","OFF",-1,1,2.89298839768902,0.123806117080426,23.367087716754
"323","CHRVariational",32,"Rejection","OFF",0,0.5,0.402151280902605,0.368635690553192,1.0909179203433
"324","CHRVariational",32,"Rejection","OFF",0,1,0.402151280902605,0.36863569055319,1.09091792034331
"325","CHRVariational",32,"Rejection","OFF",1,0.5,0.0924864542627774,0.132389907118005,0.698591427972981
"326","CHRVariational",32,"Rejection","OFF",1,1,0.0924864542627774,0.132389907118004,0.698591427972984
"327","CHRVariational",32,"Rejection","OFF",2,0.5,-0.808761766349886,0.360710170498949,2.24213740696907
"328","CHRVariational",32,"Rejection","OFF",2,1,-0.808761766349886,0.36071017049895,2.24213740696907
"329","CHRVariational",32,"Rejection","OFF",3,0.5,-0.280212182619847,0.172323776215217,1.62607963204037
"330","CHRVariational",32,"Rejection","OFF",3,1,-0.280212182619847,0.172323776215217,1.62607963204037
"331","CHRVariational",32,"SKL","IS",-1,0.5,0.920794019546445,0.196427346220948,4.68770788416958
"332","CHRVariational",32,"SKL","IS",-1,1,1.06832881372408,0.177007371770607,6.03550464049932
"333","CHRVariational",32,"SKL","IS",0,0.5,0.14309211192763,0.134975440170023,1.06013443443772
"334","CHRVariational",32,"SKL","IS",0,1,0.23329778086102,0.202657888307053,1.15119022906004
"335","CHRVariational",32,"SKL","IS",1,0.5,0.0507186259509547,0.0597995238953854,0.848144310307268
"336","CHRVariational",32,"SKL","IS",1,1,0.0652022039995313,0.0770597248752733,0.846125574741745
"337","CHRVariational",32,"SKL","IS",2,0.5,-0.300828042009348,0.149721670355476,2.00924850287276
"338","CHRVariational",32,"SKL","IS",2,1,-0.466158471226305,0.213949617105499,2.17882358254674
"339","CHRVariational",32,"SKL","IS",3,0.5,-0.0923049062130999,0.0817454140330488,1.12917534646998
"340","CHRVariational",32,"SKL","IS",3,1,-0.140389797407816,0.101736860166238,1.37993051071577
"341","CHRVariational",32,"SKL","MCMC",-1,0.5,1.14116045997558,0.18981706986049,6.0118958785651
"342","CHRVariational",32,"SKL","MCMC",-1,1,1.14116045997558,0.18981706986049,6.01189587856509
"343","CHRVariational",32,"SKL","MCMC",0,0.5,0.256791990773868,0.232341537148938,1.10523496540895
"344","CHRVariational",32,"SKL","MCMC",0,1,0.256791990773868,0.232341537148938,1.10523496540895
"345","CHRVariational",32,"SKL","MCMC",1,0.5,0.0771066669056388,0.0908463151388427,0.848759432760643
"346","CHRVariational",32,"SKL","MCMC",1,1,0.0771066669056388,0.0908463151388425,0.848759432760645
"347","CHRVariational",32,"SKL","MCMC",2,0.5,-0.545465264724487,0.223759831213784,2.4377264755949
"348","CHRVariational",32,"SKL","MCMC",2,1,-0.545465264724487,0.223759831213783,2.43772647559491
"349","CHRVariational",32,"SKL","MCMC",3,0.5,-0.164659050725618,0.105235176405212,1.56467691080397
"350","CHRVariational",32,"SKL","MCMC",3,1,-0.164659050725618,0.105235176405213,1.56467691080396
"351","CHRVariational",32,"SKL","OFF",-1,0.5,1.1589173450936,0.0899422165923669,12.8851321326225
"352","CHRVariational",32,"SKL","OFF",-1,1,1.1589173450936,0.0899422165923665,12.8851321326225
"353","CHRVariational",32,"SKL","OFF",0,0.5,0.244292325809656,0.0852460384932907,2.86573229826842
"354","CHRVariational",32,"SKL","OFF",0,1,0.244292325809656,0.0852460384932913,2.8657322982684
"355","CHRVariational",32,"SKL","OFF",1,0.5,0.0649416659364837,0.0544575563586485,1.19251891342293
"356","CHRVariational",32,"SKL","OFF",1,1,0.0649416659364837,0.0544575563586483,1.19251891342294
"357","CHRVariational",32,"SKL","OFF",2,0.5,-0.543877608805951,0.0759624327875901,7.15982346598573
"358","CHRVariational",32,"SKL","OFF",2,1,-0.543877608805951,0.0759624327875896,7.15982346598577
"359","CHRVariational",32,"SKL","OFF",3,0.5,-0.1803531053288,0.0484987040750952,3.71872009300582
"360","CHRVariational",32,"SKL","OFF",3,1,-0.1803531053288,0.048498704075095,3.71872009300583
"361","CHRVariational",64,"ApproxRejection","IS",-1,0.5,2.69602329066986,0.159785518227971,16.8727636932863
"362","CHRVariational",64,"ApproxRejection","IS",-1,1,2.72119246866738,0.131045096548127,20.7653131658232
"363","CHRVariational",64,"ApproxRejection","IS",0,0.5,-0.0689158144784973,0.0143543794178416,4.80103057557746
"364","CHRVariational",64,"ApproxRejection","IS",0,1,-0.0705492187330923,0.0129634555480522,5.44216150328009
"365","CHRVariational",64,"ApproxRejection","IS",1,0.5,0.033982952466627,0.0047371117210198,7.17377053106765
"366","CHRVariational",64,"ApproxRejection","IS",1,1,0.0349989402500338,0.00431836768253767,8.10466889875083
"367","CHRVariational",64,"ApproxRejection","IS",2,0.5,-0.122775127935957,0.0189719215512394,6.47141237667285
"368","CHRVariational",64,"ApproxRejection","IS",2,1,-0.125590052172866,0.0164302306719738,7.64383986325244
"369","CHRVariational",64,"ApproxRejection","IS",3,0.5,-0.100715848776769,0.0204509665826774,4.92474760885279
"370","CHRVariational",64,"ApproxRejection","IS",3,1,-0.102684819748079,0.0176926222146032,5.80382141790855
"371","CHRVariational",64,"ApproxRejection","MCMC",-1,0.5,2.80702539233616,0.128246302314738,21.8877686270224
"372","CHRVariational",64,"ApproxRejection","MCMC",-1,1,2.80702539233616,0.128246302314741,21.8877686270219
"373","CHRVariational",64,"ApproxRejection","MCMC",0,0.5,-0.0730784707932479,0.0122091746885331,5.98553732398338
"374","CHRVariational",64,"ApproxRejection","MCMC",0,1,-0.0730784707932479,0.012209174688533,5.98553732398342
"375","CHRVariational",64,"ApproxRejection","MCMC",1,0.5,0.036316675323728,0.00406470859945373,8.93463195088787
"376","CHRVariational",64,"ApproxRejection","MCMC",1,1,0.036316675323728,0.0040647085994537,8.93463195088794
"377","CHRVariational",64,"ApproxRejection","MCMC",2,0.5,-0.130172974354842,0.0152370103291058,8.54320969423937
"378","CHRVariational",64,"ApproxRejection","MCMC",2,1,-0.130172974354842,0.015237010329106,8.54320969423928
"379","CHRVariational",64,"ApproxRejection","MCMC",3,0.5,-0.106372781905172,0.0162882865227208,6.5306305704281
"380","CHRVariational",64,"ApproxRejection","MCMC",3,1,-0.106372781905172,0.0162882865227208,6.5306305704281
"381","CHRVariational",64,"ApproxRejection","OFF",-1,0.5,2.88339318357092,0.112025093855143,25.7388151559986
"382","CHRVariational",64,"ApproxRejection","OFF",-1,1,2.88339318357092,0.112025093855143,25.7388151559986
"383","CHRVariational",64,"ApproxRejection","OFF",0,0.5,-0.071667232585107,0.0123822318596278,5.78790911021281
"384","CHRVariational",64,"ApproxRejection","OFF",0,1,-0.071667232585107,0.0123822318596279,5.78790911021274
"385","CHRVariational",64,"ApproxRejection","OFF",1,0.5,0.0356059997670863,0.00408506090850291,8.7161490525083
"386","CHRVariational",64,"ApproxRejection","OFF",1,1,0.0356059997670863,0.00408506090850291,8.71614905250828
"387","CHRVariational",64,"ApproxRejection","OFF",2,0.5,-0.126652926868317,0.0153636333745075,8.24368323436235
"388","CHRVariational",64,"ApproxRejection","OFF",2,1,-0.126652926868317,0.0153636333745073,8.24368323436246
"389","CHRVariational",64,"ApproxRejection","OFF",3,0.5,-0.103399682101345,0.0163359544397452,6.32957703712584
"390","CHRVariational",64,"ApproxRejection","OFF",3,1,-0.103399682101345,0.0163359544397453,6.32957703712579
"391","CHRVariational",64,"Rejection","IS",-1,0.5,2.69602329066986,0.159785518227973,16.8727636932862
"392","CHRVariational",64,"Rejection","IS",-1,1,2.72119246866738,0.131045096548127,20.7653131658231
"393","CHRVariational",64,"Rejection","IS",0,0.5,0.370156112302997,0.0769441567105768,4.81071114594613
"394","CHRVariational",64,"Rejection","IS",0,1,0.358236895899089,0.101735358682019,3.52126242576864
"395","CHRVariational",64,"Rejection","IS",1,0.5,0.0446714763363361,0.0469848878020014,0.95076264786639
"396","CHRVariational",64,"Rejection","IS",1,1,0.0758030585280145,0.0533712820342492,1.42029675208796
"397","CHRVariational",64,"Rejection","IS",2,0.5,-0.439127026577271,0.0850811825092314,5.16127084305188
"398","CHRVariational",64,"Rejection","IS",2,1,-0.691402573741874,0.115692090614927,5.97623026835221
"399","CHRVariational",64,"Rejection","IS",3,0.5,-0.0998067926915087,0.0438291990414687,2.27717582968096
"400","CHRVariational",64,"Rejection","IS",3,1,-0.222846510928875,0.0512010393548559,4.35238256365083
"401","CHRVariational",64,"Rejection","MCMC",-1,0.5,2.80702539233616,0.128246302314738,21.8877686270225
"402","CHRVariational",64,"Rejection","MCMC",-1,1,2.80702539233616,0.128246302314742,21.8877686270217
"403","CHRVariational",64,"Rejection","MCMC",0,0.5,0.370017723842737,0.332279144090918,1.11357492765629
"404","CHRVariational",64,"Rejection","MCMC",0,1,0.370017723842737,0.332279144090916,1.11357492765629
"405","CHRVariational",64,"Rejection","MCMC",1,0.5,0.102300141014666,0.145286888674824,0.704125072453236
"406","CHRVariational",64,"Rejection","MCMC",1,1,0.102300141014666,0.145286888674824,0.704125072453238
"407","CHRVariational",64,"Rejection","MCMC",2,0.5,-0.860900462030083,0.406534690574769,2.11765559493316
"408","CHRVariational",64,"Rejection","MCMC",2,1,-0.860900462030083,0.406534690574766,2.11765559493318
"409","CHRVariational",64,"Rejection","MCMC",3,0.5,-0.291626970112989,0.204165653492124,1.42838408481003
"410","CHRVariational",64,"Rejection","MCMC",3,1,-0.291626970112989,0.204165653492127,1.42838408481001
"411","CHRVariational",64,"Rejection","OFF",-1,0.5,2.88339318357092,0.112025093855142,25.7388151559988
"412","CHRVariational",64,"Rejection","OFF",-1,1,2.88339318357092,0.112025093855142,25.738815155999
"413","CHRVariational",64,"Rejection","OFF",0,0.5,0.395137276361872,0.349674738588665,1.13001378926227
"414","CHRVariational",64,"Rejection","OFF",0,1,0.395137276361872,0.349674738588671,1.13001378926225
"415","CHRVariational",64,"Rejection","OFF",1,0.5,0.109903572724604,0.170316846286565,0.645288913697279
"416","CHRVariational",64,"Rejection","OFF",1,1,0.109903572724604,0.170316846286566,0.645288913697276
"417","CHRVariational",64,"Rejection","OFF",2,0.5,-0.812708323511366,0.403994134197259,2.0116834743807
"418","CHRVariational",64,"Rejection","OFF",2,1,-0.812708323511366,0.403994134197258,2.01168347438071
"419","CHRVariational",64,"Rejection","OFF",3,0.5,-0.30757379288591,0.225240393451529,1.36553567578499
"420","CHRVariational",64,"Rejection","OFF",3,1,-0.30757379288591,0.225240393451527,1.365535675785
"421","CHRVariational",64,"SKL","IS",-1,0.5,0.511254772309128,0.08341476945031,6.12906773798231
"422","CHRVariational",64,"SKL","IS",-1,1,0.528186132909904,0.0664820190932937,7.94479680541448
"423","CHRVariational",64,"SKL","IS",0,0.5,0.10764425769168,0.0598346842069208,1.79902775653371
"424","CHRVariational",64,"SKL","IS",0,1,0.110363844170969,0.0610557853005512,1.80759028202972
"425","CHRVariational",64,"SKL","IS",1,0.5,0.0248667517232475,0.0330747734623949,0.751834377687282
"426","CHRVariational",64,"SKL","IS",1,1,0.0257489222112209,0.030445722623442,0.845732010689583
"427","CHRVariational",64,"SKL","IS",2,0.5,-0.223431455770049,0.0713119704283536,3.13315498685495
"428","CHRVariational",64,"SKL","IS",2,1,-0.244529235922265,0.0683958606083557,3.57520519147312
"429","CHRVariational",64,"SKL","IS",3,0.5,-0.075004539218392,0.0280429302865154,2.67463273103304
"430","CHRVariational",64,"SKL","IS",3,1,-0.0841035649231929,0.0261504167738104,3.21614625306556
"431","CHRVariational",64,"SKL","MCMC",-1,0.5,0.564580827710176,0.102748558488417,5.49478100730556
"432","CHRVariational",64,"SKL","MCMC",-1,1,0.564580827710176,0.102748558488416,5.49478100730559
"433","CHRVariational",64,"SKL","MCMC",0,0.5,0.109137958748211,0.096962004906366,1.1255744851151
"434","CHRVariational",64,"SKL","MCMC",0,1,0.109137958748211,0.0969620049063666,1.12557448511509
"435","CHRVariational",64,"SKL","MCMC",1,0.5,0.0345560041121665,0.0449629315335032,0.768544286006303
"436","CHRVariational",64,"SKL","MCMC",1,1,0.0345560041121665,0.0449629315335029,0.768544286006308
"437","CHRVariational",64,"SKL","MCMC",2,0.5,-0.270691521221945,0.101817170509085,2.65860384715554
"438","CHRVariational",64,"SKL","MCMC",2,1,-0.270691521221945,0.101817170509085,2.65860384715554
"439","CHRVariational",64,"SKL","MCMC",3,0.5,-0.0974068216154385,0.0449471550482744,2.16714097946402
"440","CHRVariational",64,"SKL","MCMC",3,1,-0.0974068216154385,0.0449471550482749,2.167140979464
"441","CHRVariational",64,"SKL","OFF",-1,0.5,0.566058988209929,0.0417604706526742,13.5548996302723
"442","CHRVariational",64,"SKL","OFF",-1,1,0.566058988209929,0.041760470652675,13.554899630272
"443","CHRVariational",64,"SKL","OFF",0,0.5,0.119184900745333,0.0323253673988581,3.68703932347395
"444","CHRVariational",64,"SKL","OFF",0,1,0.119184900745333,0.0323253673988583,3.68703932347394
"445","CHRVariational",64,"SKL","OFF",1,0.5,0.0307619118811285,0.0157809749272498,1.94930364080424
"446","CHRVariational",64,"SKL","OFF",1,1,0.0307619118811285,0.0157809749272498,1.94930364080424
"447","CHRVariational",64,"SKL","OFF",2,0.5,-0.265121699484063,0.0288248117575625,9.1976905769213
"448","CHRVariational",64,"SKL","OFF",2,1,-0.265121699484063,0.0288248117575628,9.19769057692123
"449","CHRVariational",64,"SKL","OFF",3,0.5,-0.0919819391907661,0.0130795761101202,7.03248625309776
"450","CHRVariational",64,"SKL","OFF",3,1,-0.0919819391907661,0.0130795761101202,7.03248625309773
"451","CHRVariational",128,"ApproxRejection","IS",-1,0.5,2.7339481925948,0.0867045509044188,31.5317727163899
"452","CHRVariational",128,"ApproxRejection","IS",-1,1,2.7146354184748,0.0798227859738475,34.008277027116
"453","CHRVariational",128,"ApproxRejection","IS",0,0.5,-0.0650456907621989,0.010532372866068,6.17578693703068
"454","CHRVariational",128,"ApproxRejection","IS",0,1,-0.0660717980802201,0.00954052445408896,6.92538428030573
"455","CHRVariational",128,"ApproxRejection","IS",1,0.5,0.0332674963632028,0.00336729232728682,9.87959854082756
"456","CHRVariational",128,"ApproxRejection","IS",1,1,0.0337474895958379,0.00313697845646584,10.7579602678745
"457","CHRVariational",128,"ApproxRejection","IS",2,0.5,-0.119143525062448,0.0129812807721074,9.17810246570193
"458","CHRVariational",128,"ApproxRejection","IS",2,1,-0.120466575324066,0.0112981158972105,10.662536693734
"459","CHRVariational",128,"ApproxRejection","IS",3,0.5,-0.0962983763900279,0.0143683299955691,6.70212727712439
"460","CHRVariational",128,"ApproxRejection","IS",3,1,-0.0975497128876035,0.012475223222568,7.8194763450111
"461","CHRVariational",128,"ApproxRejection","MCMC",-1,0.5,2.77169432265419,0.0779394568496944,35.5621457306199
"462","CHRVariational",128,"ApproxRejection","MCMC",-1,1,2.77169432265419,0.077939456849693,35.5621457306205
"463","CHRVariational",128,"ApproxRejection","MCMC",0,0.5,-0.0678762505129564,0.0091929245387215,7.38353178328127
"464","CHRVariational",128,"ApproxRejection","MCMC",0,1,-0.0678762505129564,0.00919292453872163,7.38353178328116
"465","CHRVariational",128,"ApproxRejection","MCMC",1,0.5,0.0346213978492433,0.00303629459095823,11.4025160642654
"466","CHRVariational",128,"ApproxRejection","MCMC",1,1,0.0346213978492433,0.00303629459095818,11.4025160642656
"467","CHRVariational",128,"ApproxRejection","MCMC",2,0.5,-0.123587025228663,0.0107093244708278,11.5401326727297
"468","CHRVariational",128,"ApproxRejection","MCMC",2,1,-0.123587025228663,0.0107093244708284,11.540132672729
"469","CHRVariational",128,"ApproxRejection","MCMC",3,0.5,-0.100252599000846,0.0118464248624763,8.46268812444819
"470","CHRVariational",128,"ApproxRejection","MCMC",3,1,-0.100252599000846,0.0118464248624763,8.46268812444819
"471","CHRVariational",128,"ApproxRejection","OFF",-1,0.5,2.85390719680304,0.0766956227182002,37.2108224127606
"472","CHRVariational",128,"ApproxRejection","OFF",-1,1,2.85390719680304,0.0766956227182,37.2108224127607
"473","CHRVariational",128,"ApproxRejection","OFF",0,0.5,-0.066579336508626,0.00859402766995303,7.74716338666267
"474","CHRVariational",128,"ApproxRejection","OFF",0,1,-0.066579336508626,0.00859402766995305,7.74716338666265
"475","CHRVariational",128,"ApproxRejection","OFF",1,0.5,0.033965886575993,0.00292345827507943,11.6183928005849
"476","CHRVariational",128,"ApproxRejection","OFF",1,1,0.033965886575993,0.00292345827507934,11.6183928005852
"477","CHRVariational",128,"ApproxRejection","OFF",2,0.5,-0.120693728599268,0.0102004454511353,11.8322017579963
"478","CHRVariational",128,"ApproxRejection","OFF",2,1,-0.120693728599268,0.0102004454511352,11.8322017579964
"479","CHRVariational",128,"ApproxRejection","OFF",3,0.5,-0.0979414279165401,0.0112384281923527,8.71486886246118
"480","CHRVariational",128,"ApproxRejection","OFF",3,1,-0.0979414279165401,0.0112384281923526,8.71486886246127
"481","CHRVariational",128,"Rejection","IS",-1,0.5,2.7339481925948,0.0867045509044198,31.5317727163896
"482","CHRVariational",128,"Rejection","IS",-1,1,2.7146354184748,0.079822785973849,34.0082770271154
"483","CHRVariational",128,"Rejection","IS",0,0.5,0.436863220197045,0.0667044759338638,6.54923397689514
"484","CHRVariational",128,"Rejection","IS",0,1,0.367307414842687,0.0752915910075293,4.87846530970445
"485","CHRVariational",128,"Rejection","IS",1,0.5,0.0409037409949211,0.0301056719325187,1.35867224909001
"486","CHRVariational",128,"Rejection","IS",1,1,0.0716151495303194,0.0344081958044846,2.08133986266683
"487","CHRVariational",128,"Rejection","IS",2,0.5,-0.581860528805066,0.0630487497381039,9.22874016093954
"488","CHRVariational",128,"Rejection","IS",2,1,-0.707128239412071,0.0700593710199102,10.093271308575
"489","CHRVariational",128,"Rejection","IS",3,0.5,-0.134870263842602,0.0368665226211121,3.65833971456171
"490","CHRVariational",128,"Rejection","IS",3,1,-0.219177641618208,0.0421178120092363,5.20391803757856
"491","CHRVariational",128,"Rejection","MCMC",-1,0.5,2.77169432265419,0.0779394568496942,35.5621457306199
"492","CHRVariational",128,"Rejection","MCMC",-1,1,2.77169432265419,0.0779394568496913,35.5621457306213
"493","CHRVariational",128,"Rejection","MCMC",0,0.5,0.446255507796743,0.356265151460922,1.25259376609472
"494","CHRVariational",128,"Rejection","MCMC",0,1,0.446255507796743,0.356265151460911,1.25259376609476
"495","CHRVariational",128,"Rejection","MCMC",1,0.5,0.0708959316998161,0.153929766504933,0.46057324265183
"496","CHRVariational",128,"Rejection","MCMC",1,1,0.0708959316998161,0.15392976650494,0.46057324265181
"497","CHRVariational",128,"Rejection","MCMC",2,0.5,-0.828026239134222,0.404278699271179,2.04815697840861
"498","CHRVariational",128,"Rejection","MCMC",2,1,-0.828026239134222,0.404278699271179,2.04815697840861
"499","CHRVariational",128,"Rejection","MCMC",3,0.5,-0.266152887269074,0.20917133503624,1.272415683645
"500","CHRVariational",128,"Rejection","MCMC",3,1,-0.266152887269074,0.20917133503624,1.272415683645
"501","CHRVariational",128,"Rejection","OFF",-1,0.5,2.85390719680304,0.0766956227182009,37.2108224127603
"502","CHRVariational",128,"Rejection","OFF",-1,1,2.85390719680304,0.0766956227182002,37.2108224127606
"503","CHRVariational",128,"Rejection","OFF",0,0.5,0.375880119350888,0.482879419754295,0.778414038730722
"504","CHRVariational",128,"Rejection","OFF",0,1,0.375880119350888,0.482879419754292,0.778414038730727
"505","CHRVariational",128,"Rejection","OFF",1,0.5,0.13456285301154,0.238084304593461,0.565189936570207
"506","CHRVariational",128,"Rejection","OFF",1,1,0.13456285301154,0.238084304593451,0.565189936570229
"507","CHRVariational",128,"Rejection","OFF",2,0.5,-0.764731698834373,0.535123856091648,1.42907420427805
"508","CHRVariational",128,"Rejection","OFF",2,1,-0.764731698834373,0.535123856091652,1.42907420427804
"509","CHRVariational",128,"Rejection","OFF",3,0.5,-0.265297711980573,0.27300531012302,0.971767588919885
"510","CHRVariational",128,"Rejection","OFF",3,1,-0.265297711980573,0.273005310123016,0.971767588919899
"511","CHRVariational",128,"SKL","IS",-1,0.5,0.262106869292141,0.022572426049338,11.6118165021003
"512","CHRVariational",128,"SKL","IS",-1,1,0.260881440562626,0.0193745453507285,13.4651645156058
"513","CHRVariational",128,"SKL","IS",0,0.5,0.0638940979009332,0.0214537028092852,2.97823170521779
"514","CHRVariational",128,"SKL","IS",0,1,0.057473404268413,0.0197389591740421,2.91167349613824
"515","CHRVariational",128,"SKL","IS",1,0.5,0.0111280962844511,0.0102411618657431,1.0866048628403
"516","CHRVariational",128,"SKL","IS",1,1,0.0115546956750885,0.00949451501414302,1.21698640297863
"517","CHRVariational",128,"SKL","IS",2,0.5,-0.122244380481293,0.0239322526976254,5.10793455283138
"518","CHRVariational",128,"SKL","IS",2,1,-0.121053109932765,0.0214501237552317,5.64346906871525
"519","CHRVariational",128,"SKL","IS",3,0.5,-0.0372327216118321,0.0115824796720657,3.21457258428254
"520","CHRVariational",128,"SKL","IS",3,1,-0.0387368885714028,0.0111216073453606,3.48302968883018
"521","CHRVariational",128,"SKL","MCMC",-1,0.5,0.27613971222034,0.0466674911679164,5.91717500361759
"522","CHRVariational",128,"SKL","MCMC",-1,1,0.27613971222034,0.0466674911679171,5.91717500361751
"523","CHRVariational",128,"SKL","MCMC",0,0.5,0.0639247770166146,0.0485191642383557,1.31751603763365
"524","CHRVariational",128,"SKL","MCMC",0,1,0.0639247770166146,0.0485191642383558,1.31751603763364
"525","CHRVariational",128,"SKL","MCMC",1,0.5,0.0113630055789256,0.0194624784378163,0.583841652810612
"526","CHRVariational",128,"SKL","MCMC",1,1,0.0113630055789256,0.0194624784378162,0.583841652810614
"527","CHRVariational",128,"SKL","MCMC",2,0.5,-0.129897222834389,0.0561396505405879,2.31382314609307
"528","CHRVariational",128,"SKL","MCMC",2,1,-0.129897222834389,0.0561396505405867,2.31382314609312
"529","CHRVariational",128,"SKL","MCMC",3,0.5,-0.0387271398949482,0.0244600796470002,1.58327938640615
"530","CHRVariational",128,"SKL","MCMC",3,1,-0.0387271398949482,0.0244600796470005,1.58327938640614
"531","CHRVariational",128,"SKL","OFF",-1,0.5,0.277386978608124,0.0220229528847062,12.5953581275086
"532","CHRVariational",128,"SKL","OFF",-1,1,0.277386978608124,0.0220229528847061,12.5953581275087
"533","CHRVariational",128,"SKL","OFF",0,0.5,0.0582162409139895,0.0156462046205037,3.72078995040748
"534","CHRVariational",128,"SKL","OFF",0,1,0.0582162409139895,0.0156462046205035,3.72078995040755
"535","CHRVariational",128,"SKL","OFF",1,0.5,0.0157799542261052,0.0080662716518016,1.95628846972699
"536","CHRVariational",128,"SKL","OFF",1,1,0.0157799542261052,0.00806627165180149,1.95628846972702
"537","CHRVariational",128,"SKL","OFF",2,0.5,-0.130795614931465,0.0147130256868856,8.88978363220351
"538","CHRVariational",128,"SKL","OFF",2,1,-0.130795614931465,0.0147130256868855,8.88978363220359
"539","CHRVariational",128,"SKL","OFF",3,0.5,-0.0447890582124331,0.00987522919507995,4.53549556447236
"540","CHRVariational",128,"SKL","OFF",3,1,-0.0447890582124331,0.00987522919507994,4.53549556447236
"541","ConjugateNormal",4,"ApproxRejection","IS",-1,0.5,0.7317907940357,0.0928911597554439,7.87793796484292
"542","ConjugateNormal",4,"ApproxRejection","IS",-1,1,0.744671937009609,0.0795968390100958,9.35554660550223
"543","ConjugateNormal",4,"ApproxRejection","IS",0,0.5,-0.672136594148153,0.0744291187178948,9.0305596213724
"544","ConjugateNormal",4,"ApproxRejection","IS",0,1,-0.710500390018296,0.0765070885350674,9.28672628409633
"545","ConjugateNormal",4,"ApproxRejection","MCMC",-1,0.5,0.768130023999473,0.0773905418523571,9.92537338044336
"546","ConjugateNormal",4,"ApproxRejection","MCMC",-1,1,0.768130023999473,0.077390541852357,9.92537338044337
"547","ConjugateNormal",4,"ApproxRejection","MCMC",0,0.5,-0.726576986281759,0.0932297629189646,7.79340162983467
"548","ConjugateNormal",4,"ApproxRejection","MCMC",0,1,-0.726576986281759,0.0932297629189647,7.79340162983467
"549","ConjugateNormal",4,"ApproxRejection","OFF",-1,0.5,0.770960530595588,0.0636592789036957,12.1107330128873
"550","ConjugateNormal",4,"ApproxRejection","OFF",-1,1,0.770960530595588,0.0636592789036956,12.1107330128873
"551","ConjugateNormal",4,"ApproxRejection","OFF",0,0.5,-0.703139281731135,0.11635432859978,6.04308658038584
"552","ConjugateNormal",4,"ApproxRejection","OFF",0,1,-0.703139281731135,0.11635432859978,6.04308658038584
"553","ConjugateNormal",4,"Rejection","IS",-1,0.5,0.7317907940357,0.0928911597554438,7.87793796484292
"554","ConjugateNormal",4,"Rejection","IS",-1,1,0.744671937009609,0.0795968390100958,9.35554660550223
"555","ConjugateNormal",4,"Rejection","IS",0,0.5,-0.548314591891854,0.077513565065428,7.07378884494644
"556","ConjugateNormal",4,"Rejection","IS",0,1,-0.674431973471167,0.121330485829951,5.55863572833957
"557","ConjugateNormal",4,"Rejection","MCMC",-1,0.5,0.768130023999473,0.077390541852357,9.92537338044337
"558","ConjugateNormal",4,"Rejection","MCMC",-1,1,0.768130023999473,0.0773905418523571,9.92537338044336
"559","ConjugateNormal",4,"Rejection","MCMC",0,0.5,-0.748786003913315,0.202483966275993,3.69800146492928
"560","ConjugateNormal",4,"Rejection","MCMC",0,1,-0.748786003913315,0.202483966275993,3.69800146492928
"561","ConjugateNormal",4,"Rejection","OFF",-1,0.5,0.770960530595588,0.0636592789036957,12.1107330128873
"562","ConjugateNormal",4,"Rejection","OFF",-1,1,0.770960530595588,0.0636592789036956,12.1107330128873
"563","ConjugateNormal",4,"Rejection","OFF",0,0.5,-0.692793535937994,0.297516317044214,2.32859005119722
"564","ConjugateNormal",4,"Rejection","OFF",0,1,-0.692793535937994,0.297516317044214,2.32859005119722
"565","ConjugateNormal",4,"SKL","IS",-1,0.5,0.613935776682992,0.159364859806092,3.85239115718486
"566","ConjugateNormal",4,"SKL","IS",-1,1,0.632442809994003,0.142918480711328,4.42519964420441
"567","ConjugateNormal",4,"SKL","IS",0,0.5,-1.13507895584355,0.328885401325818,3.45129017970321
"568","ConjugateNormal",4,"SKL","IS",0,1,-1.23582825703588,0.369162107484034,3.34765738948256
"569","ConjugateNormal",4,"SKL","MCMC",-1,0.5,0.661542938632215,0.168227089884065,3.93244000765942
"570","ConjugateNormal",4,"SKL","MCMC",-1,1,0.661542938632215,0.168227089884065,3.93244000765943
"571","ConjugateNormal",4,"SKL","MCMC",0,0.5,-1.31720673345218,0.284171572317669,4.6352515936383
"572","ConjugateNormal",4,"SKL","MCMC",0,1,-1.31720673345218,0.284171572317669,4.6352515936383
"573","ConjugateNormal",4,"SKL","OFF",-1,0.5,0.636688234784916,0.154705312035184,4.11549045348951
"574","ConjugateNormal",4,"SKL","OFF",-1,1,0.636688234784916,0.154705312035184,4.11549045348951
"575","ConjugateNormal",4,"SKL","OFF",0,0.5,-1.26293013171755,0.290083196143597,4.3536824900825
"576","ConjugateNormal",4,"SKL","OFF",0,1,-1.26293013171755,0.290083196143597,4.3536824900825
"577","ConjugateNormal",8,"ApproxRejection","IS",-1,0.5,0.774710932131034,0.0684566228796301,11.3168149339362
"578","ConjugateNormal",8,"ApproxRejection","IS",-1,1,0.765419055359624,0.0558931466143738,13.6943275110366
"579","ConjugateNormal",8,"ApproxRejection","IS",0,0.5,-0.760540100154864,0.0682640321746428,11.1411540737755
"580","ConjugateNormal",8,"ApproxRejection","IS",0,1,-0.761543450793649,0.0558574018583231,13.6337070013609
"581","ConjugateNormal",8,"ApproxRejection","MCMC",-1,0.5,0.776218713143161,0.0691987501002843,11.2172360341516
"582","ConjugateNormal",8,"ApproxRejection","MCMC",-1,1,0.776218713143161,0.0691987501002843,11.2172360341516
"583","ConjugateNormal",8,"ApproxRejection","MCMC",0,0.5,-0.762300723980397,0.065948370101048,11.5590532838397
"584","ConjugateNormal",8,"ApproxRejection","MCMC",0,1,-0.762300723980397,0.0659483701010479,11.5590532838398
"585","ConjugateNormal",8,"ApproxRejection","OFF",-1,0.5,0.793958586116555,0.0505974590281617,15.6916691345044
"586","ConjugateNormal",8,"ApproxRejection","OFF",-1,1,0.793958586116555,0.0505974590281617,15.6916691345044
"587","ConjugateNormal",8,"ApproxRejection","OFF",0,0.5,-0.74363548737229,0.0700895067598804,10.6097976965355
"588","ConjugateNormal",8,"ApproxRejection","OFF",0,1,-0.74363548737229,0.0700895067598803,10.6097976965355
"589","ConjugateNormal",8,"Rejection","IS",-1,0.5,0.774710932131034,0.0684566228796301,11.3168149339362
"590","ConjugateNormal",8,"Rejection","IS",-1,1,0.765419055359624,0.0558931466143738,13.6943275110367
"591","ConjugateNormal",8,"Rejection","IS",0,0.5,-0.666398043712126,0.0829582244142543,8.03293523237006
"592","ConjugateNormal",8,"Rejection","IS",0,1,-0.731784820415449,0.0863928625769035,8.4704314521821
"593","ConjugateNormal",8,"Rejection","MCMC",-1,0.5,0.776218713143161,0.0691987501002843,11.2172360341516
"594","ConjugateNormal",8,"Rejection","MCMC",-1,1,0.776218713143161,0.0691987501002843,11.2172360341516
"595","ConjugateNormal",8,"Rejection","MCMC",0,0.5,-0.768010598612273,0.276334666071315,2.77927706114899
"596","ConjugateNormal",8,"Rejection","MCMC",0,1,-0.768010598612273,0.276334666071316,2.77927706114899
"597","ConjugateNormal",8,"Rejection","OFF",-1,0.5,0.793958586116555,0.0505974590281617,15.6916691345044
"598","ConjugateNormal",8,"Rejection","OFF",-1,1,0.793958586116555,0.0505974590281616,15.6916691345044
"599","ConjugateNormal",8,"Rejection","OFF",0,0.5,-0.761901442156821,0.307749644748444,2.47571834820346
"600","ConjugateNormal",8,"Rejection","OFF",0,1,-0.761901442156821,0.307749644748444,2.47571834820347
"601","ConjugateNormal",8,"SKL","IS",-1,0.5,0.279327673582011,0.0513934385148203,5.43508435423058
"602","ConjugateNormal",8,"SKL","IS",-1,1,0.274701879291331,0.0398162624683665,6.89923820724204
"603","ConjugateNormal",8,"SKL","IS",0,0.5,-0.543054771744525,0.130093158587134,4.17435303779482
"604","ConjugateNormal",8,"SKL","IS",0,1,-0.537768210539177,0.0922007285198625,5.83258092611847
"605","ConjugateNormal",8,"SKL","MCMC",-1,0.5,0.287575783950247,0.0928023422917579,3.09879876788183
"606","ConjugateNormal",8,"SKL","MCMC",-1,1,0.287575783950247,0.092802342291758,3.09879876788182
"607","ConjugateNormal",8,"SKL","MCMC",0,0.5,-0.561828708814931,0.15341947752193,3.66204290282909
"608","ConjugateNormal",8,"SKL","MCMC",0,1,-0.561828708814931,0.15341947752193,3.66204290282909
"609","ConjugateNormal",8,"SKL","OFF",-1,0.5,0.2879800090456,0.0802566125403581,3.58824026993147
"610","ConjugateNormal",8,"SKL","OFF",-1,1,0.2879800090456,0.080256612540358,3.58824026993148
"611","ConjugateNormal",8,"SKL","OFF",0,0.5,-0.552054906213716,0.113410142206387,4.86777368825681
"612","ConjugateNormal",8,"SKL","OFF",0,1,-0.552054906213716,0.113410142206387,4.86777368825682
"613","ConjugateNormal",16,"ApproxRejection","IS",-1,0.5,0.776210301326684,0.0390233382418272,19.8909251821697
"614","ConjugateNormal",16,"ApproxRejection","IS",-1,1,0.761676684158653,0.037737936265737,20.1833157699774
"615","ConjugateNormal",16,"ApproxRejection","IS",0,0.5,-0.773390612685281,0.038995188113207,19.8329755568828
"616","ConjugateNormal",16,"ApproxRejection","IS",0,1,-0.762025538202259,0.0380912954034538,20.0052408333996
"617","ConjugateNormal",16,"ApproxRejection","MCMC",-1,0.5,0.764099969239286,0.0419717969227907,18.2050811559221
"618","ConjugateNormal",16,"ApproxRejection","MCMC",-1,1,0.764099969239286,0.0419717969227908,18.2050811559221
"619","ConjugateNormal",16,"ApproxRejection","MCMC",0,0.5,-0.763217388931701,0.0386851222293004,19.7289641327186
"620","ConjugateNormal",16,"ApproxRejection","MCMC",0,1,-0.763217388931701,0.0386851222293004,19.7289641327186
"621","ConjugateNormal",16,"ApproxRejection","OFF",-1,0.5,0.793279742854008,0.0360863368637089,21.9828281781571
"622","ConjugateNormal",16,"ApproxRejection","OFF",-1,1,0.793279742854008,0.0360863368637088,21.9828281781571
"623","ConjugateNormal",16,"ApproxRejection","OFF",0,0.5,-0.73564315976854,0.047299690613782,15.5528112387735
"624","ConjugateNormal",16,"ApproxRejection","OFF",0,1,-0.73564315976854,0.0472996906137819,15.5528112387736
"625","ConjugateNormal",16,"Rejection","IS",-1,0.5,0.776210301326684,0.0390233382418272,19.8909251821697
"626","ConjugateNormal",16,"Rejection","IS",-1,1,0.761676684158653,0.0377379362657371,20.1833157699774
"627","ConjugateNormal",16,"Rejection","IS",0,0.5,-0.732385905112209,0.0553142640219075,13.2404528571897
"628","ConjugateNormal",16,"Rejection","IS",0,1,-0.752830869765426,0.0603712433461152,12.4700242704852
"629","ConjugateNormal",16,"Rejection","MCMC",-1,0.5,0.764099969239286,0.0419717969227908,18.205081155922
"630","ConjugateNormal",16,"Rejection","MCMC",-1,1,0.764099969239286,0.0419717969227908,18.2050811559221
"631","ConjugateNormal",16,"Rejection","MCMC",0,0.5,-0.815927960297367,0.255753919444037,3.19028526354961
"632","ConjugateNormal",16,"Rejection","MCMC",0,1,-0.815927960297367,0.255753919444039,3.1902852635496
"633","ConjugateNormal",16,"Rejection","OFF",-1,0.5,0.793279742854008,0.0360863368637089,21.9828281781571
"634","ConjugateNormal",16,"Rejection","OFF",-1,1,0.793279742854008,0.0360863368637088,21.9828281781571
"635","ConjugateNormal",16,"Rejection","OFF",0,0.5,-0.783987273894531,0.349309554651059,2.24439115236252
"636","ConjugateNormal",16,"Rejection","OFF",0,1,-0.783987273894531,0.349309554651057,2.24439115236254
"637","ConjugateNormal",16,"SKL","IS",-1,0.5,0.128252741083653,0.0127993429159887,10.0202597840739
"638","ConjugateNormal",16,"SKL","IS",-1,1,0.12588349526244,0.0122103739856917,10.30955279584
"639","ConjugateNormal",16,"SKL","IS",0,0.5,-0.254828863258144,0.0300285016231436,8.48623306138398
"640","ConjugateNormal",16,"SKL","IS",0,1,-0.25098595323273,0.0292760073665645,8.57309366301689
"641","ConjugateNormal",16,"SKL","MCMC",-1,0.5,0.125513166747405,0.0377660465130142,3.32343939427584
"642","ConjugateNormal",16,"SKL","MCMC",-1,1,0.125513166747405,0.0377660465130142,3.32343939427583
"643","ConjugateNormal",16,"SKL","MCMC",0,0.5,-0.258671876843119,0.0600855174685408,4.305061980677
"644","ConjugateNormal",16,"SKL","MCMC",0,1,-0.258671876843119,0.0600855174685408,4.305061980677
"645","ConjugateNormal",16,"SKL","OFF",-1,0.5,0.139246606713221,0.0339152722166206,4.10571986047577
"646","ConjugateNormal",16,"SKL","OFF",-1,1,0.139246606713221,0.0339152722166206,4.10571986047577
"647","ConjugateNormal",16,"SKL","OFF",0,0.5,-0.265488885811567,0.0546896713305333,4.85446116885593
"648","ConjugateNormal",16,"SKL","OFF",0,1,-0.265488885811567,0.0546896713305334,4.85446116885592
"649","ConjugateNormal",32,"ApproxRejection","IS",-1,0.5,0.788984995310537,0.0276807657706201,28.5030046440389
"650","ConjugateNormal",32,"ApproxRejection","IS",-1,1,0.770232248717862,0.0260832392675026,29.5297773723029
"651","ConjugateNormal",32,"ApproxRejection","IS",0,0.5,-0.788376854665242,0.0278192171628014,28.3392897093964
"652","ConjugateNormal",32,"ApproxRejection","IS",0,1,-0.770912349649998,0.0262956673780902,29.3170862927909
"653","ConjugateNormal",32,"ApproxRejection","MCMC",-1,0.5,0.771804963259084,0.0276049553586321,27.9589281428684
"654","ConjugateNormal",32,"ApproxRejection","MCMC",-1,1,0.771804963259084,0.0276049553586319,27.9589281428686
"655","ConjugateNormal",32,"ApproxRejection","MCMC",0,0.5,-0.768985382360052,0.0283386088824,27.1356080163003
"656","ConjugateNormal",32,"ApproxRejection","MCMC",0,1,-0.768985382360052,0.0283386088824001,27.1356080163002
"657","ConjugateNormal",32,"ApproxRejection","OFF",-1,0.5,0.796244515857082,0.0258606963448065,30.7897554358388
"658","ConjugateNormal",32,"ApproxRejection","OFF",-1,1,0.796244515857082,0.0258606963448065,30.7897554358388
"659","ConjugateNormal",32,"ApproxRejection","OFF",0,0.5,-0.745183076750892,0.0291184003403507,25.591484011512
"660","ConjugateNormal",32,"ApproxRejection","OFF",0,1,-0.745183076750892,0.0291184003403507,25.591484011512
"661","ConjugateNormal",32,"Rejection","IS",-1,0.5,0.788984995310537,0.0276807657706203,28.5030046440387
"662","ConjugateNormal",32,"Rejection","IS",-1,1,0.770232248717862,0.0260832392675024,29.5297773723031
"663","ConjugateNormal",32,"Rejection","IS",0,0.5,-0.769859606330487,0.0464398772661703,16.5775547148421
"664","ConjugateNormal",32,"Rejection","IS",0,1,-0.768928311000856,0.0458245730511112,16.7798248800533
"665","ConjugateNormal",32,"Rejection","MCMC",-1,0.5,0.771804963259084,0.0276049553586322,27.9589281428683
"666","ConjugateNormal",32,"Rejection","MCMC",-1,1,0.771804963259084,0.0276049553586321,27.9589281428684
"667","ConjugateNormal",32,"Rejection","MCMC",0,0.5,-0.734953316290227,0.277282862872586,2.6505544146374
"668","ConjugateNormal",32,"Rejection","MCMC",0,1,-0.734953316290227,0.277282862872587,2.65055441463738
"669","ConjugateNormal",32,"Rejection","OFF",-1,0.5,0.796244515857082,0.0258606963448064,30.7897554358388
"670","ConjugateNormal",32,"Rejection","OFF",-1,1,0.796244515857082,0.0258606963448064,30.7897554358389
"671","ConjugateNormal",32,"Rejection","OFF",0,0.5,-0.800468538874926,0.368685476739534,2.17114204213809
"672","ConjugateNormal",32,"Rejection","OFF",0,1,-0.800468538874926,0.368685476739534,2.17114204213809
"673","ConjugateNormal",32,"SKL","IS",-1,0.5,0.0636505231939359,0.00433777712836102,14.6735346954041
"674","ConjugateNormal",32,"SKL","IS",-1,1,0.0622273410217167,0.00401395971748552,15.5027318163268
"675","ConjugateNormal",32,"SKL","IS",0,0.5,-0.127322946261874,0.0111118297276561,11.4583240908544
"676","ConjugateNormal",32,"SKL","IS",0,1,-0.124615116738994,0.0102247285707595,12.1876210088712
"677","ConjugateNormal",32,"SKL","MCMC",-1,0.5,0.0631365541173111,0.0215979764192001,2.92326248033052
"678","ConjugateNormal",32,"SKL","MCMC",-1,1,0.0631365541173111,0.0215979764192001,2.92326248033052
"679","ConjugateNormal",32,"SKL","MCMC",0,0.5,-0.12265038233552,0.0309371532725724,3.96450123432194
"680","ConjugateNormal",32,"SKL","MCMC",0,1,-0.12265038233552,0.0309371532725723,3.96450123432195
"681","ConjugateNormal",32,"SKL","OFF",-1,0.5,0.0637941541665174,0.015740378097312,4.0528984610231
"682","ConjugateNormal",32,"SKL","OFF",-1,1,0.0637941541665174,0.0157403780973119,4.05289846102312
"683","ConjugateNormal",32,"SKL","OFF",0,0.5,-0.129305289556674,0.0263863455996518,4.90046221324335
"684","ConjugateNormal",32,"SKL","OFF",0,1,-0.129305289556674,0.0263863455996517,4.90046221324336
"685","ConjugateNormal",64,"ApproxRejection","IS",-1,0.5,0.792420541038785,0.0218951905543579,36.1915343495865
"686","ConjugateNormal",64,"ApproxRejection","IS",-1,1,0.770257829777297,0.0208526285621697,36.9381647728899
"687","ConjugateNormal",64,"ApproxRejection","IS",0,0.5,-0.792296722939472,0.0219170859147397,36.1497293035036
"688","ConjugateNormal",64,"ApproxRejection","IS",0,1,-0.770730435025131,0.0209030360312865,36.8716981529164
"689","ConjugateNormal",64,"ApproxRejection","MCMC",-1,0.5,0.771097543107052,0.0213159865360657,36.174612036013
"690","ConjugateNormal",64,"ApproxRejection","MCMC",-1,1,0.771097543107052,0.0213159865360661,36.1746120360124
"691","ConjugateNormal",64,"ApproxRejection","MCMC",0,0.5,-0.769902038888478,0.0211931961427553,36.3277928304204
"692","ConjugateNormal",64,"ApproxRejection","MCMC",0,1,-0.769902038888478,0.021193196142755,36.3277928304208
"693","ConjugateNormal",64,"ApproxRejection","OFF",-1,0.5,0.796892319220995,0.0213135140059814,37.3890630609929
"694","ConjugateNormal",64,"ApproxRejection","OFF",-1,1,0.796892319220995,0.0213135140059815,37.3890630609928
"695","ConjugateNormal",64,"ApproxRejection","OFF",0,0.5,-0.742498311572347,0.0229887588050922,32.2983210127847
"696","ConjugateNormal",64,"ApproxRejection","OFF",0,1,-0.742498311572347,0.0229887588050923,32.2983210127845
"697","ConjugateNormal",64,"Rejection","IS",-1,0.5,0.792420541038785,0.0218951905543577,36.1915343495868
"698","ConjugateNormal",64,"Rejection","IS",-1,1,0.770257829777297,0.0208526285621698,36.9381647728898
"699","ConjugateNormal",64,"Rejection","IS",0,0.5,-0.783601744678806,0.0317570574829118,24.6748851054747
"700","ConjugateNormal",64,"Rejection","IS",0,1,-0.773050887835766,0.0337005969964581,22.9387891234394
"701","ConjugateNormal",64,"Rejection","MCMC",-1,0.5,0.771097543107052,0.0213159865360664,36.1746120360118
"702","ConjugateNormal",64,"Rejection","MCMC",-1,1,0.771097543107052,0.0213159865360663,36.174612036012
"703","ConjugateNormal",64,"Rejection","MCMC",0,0.5,-0.761595202992089,0.258996618153321,2.94056041512187
"704","ConjugateNormal",64,"Rejection","MCMC",0,1,-0.761595202992089,0.258996618153321,2.94056041512187
"705","ConjugateNormal",64,"Rejection","OFF",-1,0.5,0.796892319220995,0.0213135140059815,37.3890630609928
"706","ConjugateNormal",64,"Rejection","OFF",-1,1,0.796892319220995,0.0213135140059814,37.3890630609929
"707","ConjugateNormal",64,"Rejection","OFF",0,0.5,-0.712723543505888,0.49050991574288,1.45302576080743
"708","ConjugateNormal",64,"Rejection","OFF",0,1,-0.712723543505888,0.490509915742875,1.45302576080745
"709","ConjugateNormal",64,"SKL","IS",-1,0.5,0.0315373560308754,0.0017433372199339,18.0902212551116
"710","ConjugateNormal",64,"SKL","IS",-1,1,0.030693919040457,0.00165630064225286,18.5316109029022
"711","ConjugateNormal",64,"SKL","IS",0,0.5,-0.0633338196242218,0.00400681897367326,15.8065088641028
"712","ConjugateNormal",64,"SKL","IS",0,1,-0.0616500475337669,0.00397824205686023,15.4968065423408
"713","ConjugateNormal",64,"SKL","MCMC",-1,0.5,0.0313087088096535,0.0106625299053377,2.93633022252818
"714","ConjugateNormal",64,"SKL","MCMC",-1,1,0.0313087088096535,0.0106625299053378,2.93633022252814
"715","ConjugateNormal",64,"SKL","MCMC",0,0.5,-0.0615467063831133,0.0155212422079808,3.96532091687009
"716","ConjugateNormal",64,"SKL","MCMC",0,1,-0.0615467063831133,0.015521242207981,3.96532091687006
"717","ConjugateNormal",64,"SKL","OFF",-1,0.5,0.0312684595608967,0.00883303966060949,3.53994329951182
"718","ConjugateNormal",64,"SKL","OFF",-1,1,0.0312684595608967,0.00883303966060952,3.5399432995118
"719","ConjugateNormal",64,"SKL","OFF",0,0.5,-0.061201906983319,0.0152036273868043,4.02548059264054
"720","ConjugateNormal",64,"SKL","OFF",0,1,-0.061201906983319,0.0152036273868043,4.02548059264055
"721","ConjugateNormal",128,"ApproxRejection","IS",-1,0.5,0.794032409802506,0.0134856006626191,58.8800180034617
"722","ConjugateNormal",128,"ApproxRejection","IS",-1,1,0.769015717880856,0.0120091138338552,64.0360086947384
"723","ConjugateNormal",128,"ApproxRejection","IS",0,0.5,-0.793952230756416,0.0134786281006023,58.9045283266579
"724","ConjugateNormal",128,"ApproxRejection","IS",0,1,-0.769224483046471,0.0120238823990225,63.9747177757667
"725","ConjugateNormal",128,"ApproxRejection","MCMC",-1,0.5,0.769702276159039,0.012290849217523,62.624010964326
"726","ConjugateNormal",128,"ApproxRejection","MCMC",-1,1,0.769702276159039,0.0122908492175231,62.6240109643256
"727","ConjugateNormal",128,"ApproxRejection","MCMC",0,0.5,-0.76879988237317,0.0122969975620866,62.5193164828696
"728","ConjugateNormal",128,"ApproxRejection","MCMC",0,1,-0.76879988237317,0.0122969975620868,62.5193164828686
"729","ConjugateNormal",128,"ApproxRejection","OFF",-1,0.5,0.795124872084603,0.0128011227373675,62.1136824009639
"730","ConjugateNormal",128,"ApproxRejection","OFF",-1,1,0.795124872084603,0.0128011227373675,62.1136824009638
"731","ConjugateNormal",128,"ApproxRejection","OFF",0,0.5,-0.74318334368861,0.013883970796238,53.5281552083054
"732","ConjugateNormal",128,"ApproxRejection","OFF",0,1,-0.74318334368861,0.0138839707962384,53.528155208304
"733","ConjugateNormal",128,"Rejection","IS",-1,0.5,0.794032409802506,0.0134856006626189,58.8800180034623
"734","ConjugateNormal",128,"Rejection","IS",-1,1,0.769015717880856,0.0120091138338556,64.0360086947364
"735","ConjugateNormal",128,"Rejection","IS",0,0.5,-0.782263255211749,0.0220479717571603,35.4800552099628
"736","ConjugateNormal",128,"Rejection","IS",0,1,-0.765768245010222,0.0205743422053249,37.219573649943
"737","ConjugateNormal",128,"Rejection","MCMC",-1,0.5,0.769702276159039,0.012290849217523,62.624010964326
"738","ConjugateNormal",128,"Rejection","MCMC",-1,1,0.769702276159039,0.0122908492175233,62.6240109643244
"739","ConjugateNormal",128,"Rejection","MCMC",0,0.5,-0.773918540054565,0.268766364264947,2.87952155832879
"740","ConjugateNormal",128,"Rejection","MCMC",0,1,-0.773918540054565,0.268766364264942,2.87952155832884
"741","ConjugateNormal",128,"Rejection","OFF",-1,0.5,0.795124872084603,0.0128011227373674,62.1136824009642
"742","ConjugateNormal",128,"Rejection","OFF",-1,1,0.795124872084603,0.0128011227373675,62.1136824009639
"743","ConjugateNormal",128,"Rejection","OFF",0,0.5,-0.733519891918475,0.640795600317353,1.14470182310116
"744","ConjugateNormal",128,"Rejection","OFF",0,1,-0.733519891918475,0.640795600317373,1.14470182310112
"745","ConjugateNormal",128,"SKL","IS",-1,0.5,0.0156366512825814,0.000537577132210064,29.0872701714388
"746","ConjugateNormal",128,"SKL","IS",-1,1,0.0151303800578745,0.000482563880944942,31.3541494822335
"747","ConjugateNormal",128,"SKL","IS",0,0.5,-0.0311675868527117,0.00123245707817872,25.2889836121272
"748","ConjugateNormal",128,"SKL","IS",0,1,-0.0301604856487513,0.00115501995992302,26.1125233288276
"749","ConjugateNormal",128,"SKL","MCMC",-1,0.5,0.0159770635674311,0.00477366430965819,3.346918118039
"750","ConjugateNormal",128,"SKL","MCMC",-1,1,0.0159770635674311,0.00477366430965826,3.34691811803895
"751","ConjugateNormal",128,"SKL","MCMC",0,0.5,-0.0312636497037583,0.00702319249117444,4.45148694743097
"752","ConjugateNormal",128,"SKL","MCMC",0,1,-0.0312636497037583,0.00702319249117452,4.45148694743093
"753","ConjugateNormal",128,"SKL","OFF",-1,0.5,0.0159387320760473,0.00432144812190432,3.6882849513472
"754","ConjugateNormal",128,"SKL","OFF",-1,1,0.0159387320760473,0.00432144812190435,3.68828495134718
"755","ConjugateNormal",128,"SKL","OFF",0,0.5,-0.02999800934619,0.00739254058027216,4.05787550578256
"756","ConjugateNormal",128,"SKL","OFF",0,1,-0.02999800934619,0.00739254058027203,4.05787550578263
"757","ToyNormal",4,"ApproxRejection","IS",-1,0.5,0.272926236087605,0.0266208113666481,10.2523635485258
"758","ToyNormal",4,"ApproxRejection","IS",-1,1,0.269975997968992,0.0264088112733145,10.2229515435175
"759","ToyNormal",4,"ApproxRejection","IS",0,0.5,0.543354090328459,0.0539006621468521,10.0806570584995
"760","ToyNormal",4,"ApproxRejection","IS",0,1,0.539475822320112,0.0528685224200946,10.204102509872
"761","ToyNormal",4,"ApproxRejection","MCMC",-1,0.5,0.272113206718319,0.0303061584207505,8.97880895824805
"762","ToyNormal",4,"ApproxRejection","MCMC",-1,1,0.272113206718319,0.0303061584207505,8.97880895824805
"763","ToyNormal",4,"ApproxRejection","MCMC",0,0.5,0.534920574846662,0.0591689329386461,9.0405648417107
"764","ToyNormal",4,"ApproxRejection","MCMC",0,1,0.534920574846662,0.0591689329386461,9.04056484171071
"765","ToyNormal",4,"ApproxRejection","OFF",-1,0.5,0.272615554508161,0.0330378123875995,8.25162245338269
"766","ToyNormal",4,"ApproxRejection","OFF",-1,1,0.272615554508161,0.0330378123875995,8.25162245338269
"767","ToyNormal",4,"ApproxRejection","OFF",0,0.5,0.519376231572029,0.0768852447916093,6.75521334398755
"768","ToyNormal",4,"ApproxRejection","OFF",0,1,0.519376231572029,0.0768852447916093,6.75521334398755
"769","ToyNormal",4,"Rejection","IS",-1,0.5,0.272926236087605,0.0266208113666481,10.2523635485258
"770","ToyNormal",4,"Rejection","IS",-1,1,0.269975997968992,0.0264088112733145,10.2229515435175
"771","ToyNormal",4,"Rejection","IS",0,0.5,0.549972240902183,0.0546524786917961,10.0630795540613
"772","ToyNormal",4,"Rejection","IS",0,1,0.541525738823893,0.0556162553752558,9.73682487557087
"773","ToyNormal",4,"Rejection","MCMC",-1,0.5,0.272113206718319,0.0303061584207505,8.97880895824805
"774","ToyNormal",4,"Rejection","MCMC",-1,1,0.272113206718319,0.0303061584207505,8.97880895824806
"775","ToyNormal",4,"Rejection","MCMC",0,0.5,0.536856725506759,0.108713276300579,4.93828117204762
"776","ToyNormal",4,"Rejection","MCMC",0,1,0.536856725506759,0.108713276300579,4.93828117204762
"777","ToyNormal",4,"Rejection","OFF",-1,0.5,0.272615554508161,0.0330378123875995,8.2516224533827
"778","ToyNormal",4,"Rejection","OFF",-1,1,0.272615554508161,0.0330378123875994,8.2516224533827
"779","ToyNormal",4,"Rejection","OFF",0,0.5,0.550568686724793,0.20653598098624,2.66572770563147
"780","ToyNormal",4,"Rejection","OFF",0,1,0.550568686724793,0.20653598098624,2.66572770563147
"781","ToyNormal",4,"SKL","IS",-1,0.5,0.0803326747719489,0.0161913710558721,4.96144980525382
"782","ToyNormal",4,"SKL","IS",-1,1,0.0792340933692335,0.0159259657770479,4.9751515530332
"783","ToyNormal",4,"SKL","IS",0,0.5,0.321807517296441,0.0635365279088435,5.06492135922413
"784","ToyNormal",4,"SKL","IS",0,1,0.317305569018894,0.0649375624695165,4.88631782518548
"785","ToyNormal",4,"SKL","MCMC",-1,0.5,0.0819643369430376,0.0424894740922989,1.92905039881144
"786","ToyNormal",4,"SKL","MCMC",-1,1,0.0819643369430376,0.0424894740922989,1.92905039881144
"787","ToyNormal",4,"SKL","MCMC",0,0.5,0.322013323341106,0.0991378659951227,3.24813652289982
"788","ToyNormal",4,"SKL","MCMC",0,1,0.322013323341106,0.0991378659951227,3.24813652289981
"789","ToyNormal",4,"SKL","OFF",-1,0.5,0.0678294753893038,0.0617335928776358,1.09874498190557
"790","ToyNormal",4,"SKL","OFF",-1,1,0.0678294753893038,0.0617335928776358,1.09874498190557
"791","ToyNormal",4,"SKL","OFF",0,0.5,0.296582719740713,0.131541557948872,2.25466935594598
"792","ToyNormal",4,"SKL","OFF",0,1,0.296582719740713,0.131541557948872,2.25466935594598
"793","ToyNormal",8,"ApproxRejection","IS",-1,0.5,0.27680379093683,0.0172266713929608,16.0683271087378
"794","ToyNormal",8,"ApproxRejection","IS",-1,1,0.272322110631007,0.0173705115068141,15.6772649167056
"795","ToyNormal",8,"ApproxRejection","IS",0,0.5,0.553241166463233,0.0346427656676051,15.9698902729517
"796","ToyNormal",8,"ApproxRejection","IS",0,1,0.545324799246357,0.0347852774645099,15.6768851363262
"797","ToyNormal",8,"ApproxRejection","MCMC",-1,0.5,0.274102020159649,0.019562916981288,14.0113062086717
"798","ToyNormal",8,"ApproxRejection","MCMC",-1,1,0.274102020159649,0.019562916981288,14.0113062086717
"799","ToyNormal",8,"ApproxRejection","MCMC",0,0.5,0.547042114352612,0.0393629524333102,13.8973852451598
"800","ToyNormal",8,"ApproxRejection","MCMC",0,1,0.547042114352612,0.0393629524333101,13.8973852451598
"801","ToyNormal",8,"ApproxRejection","OFF",-1,0.5,0.281524042792709,0.0195450434814956,14.4038586078994
"802","ToyNormal",8,"ApproxRejection","OFF",-1,1,0.281524042792709,0.0195450434814956,14.4038586078994
"803","ToyNormal",8,"ApproxRejection","OFF",0,0.5,0.527091060382345,0.0431931530566028,12.2031160747078
"804","ToyNormal",8,"ApproxRejection","OFF",0,1,0.527091060382345,0.0431931530566027,12.2031160747078
"805","ToyNormal",8,"Rejection","IS",-1,0.5,0.27680379093683,0.0172266713929608,16.0683271087378
"806","ToyNormal",8,"Rejection","IS",-1,1,0.272322110631007,0.0173705115068141,15.6772649167056
"807","ToyNormal",8,"Rejection","IS",0,0.5,0.556813000189126,0.0363117938608161,15.3342190232574
"808","ToyNormal",8,"Rejection","IS",0,1,0.545241221657963,0.0381647822826747,14.2865015610342
"809","ToyNormal",8,"Rejection","MCMC",-1,0.5,0.274102020159649,0.019562916981288,14.0113062086717
"810","ToyNormal",8,"Rejection","MCMC",-1,1,0.274102020159649,0.019562916981288,14.0113062086717
"811","ToyNormal",8,"Rejection","MCMC",0,0.5,0.516810990555676,0.113018291857947,4.57280836632408
"812","ToyNormal",8,"Rejection","MCMC",0,1,0.516810990555676,0.113018291857947,4.57280836632408
"813","ToyNormal",8,"Rejection","OFF",-1,0.5,0.281524042792709,0.0195450434814956,14.4038586078994
"814","ToyNormal",8,"Rejection","OFF",-1,1,0.281524042792709,0.0195450434814956,14.4038586078994
"815","ToyNormal",8,"Rejection","OFF",0,0.5,0.510161250702194,0.202504745502126,2.51925578058534
"816","ToyNormal",8,"Rejection","OFF",0,1,0.510161250702194,0.202504745502125,2.51925578058535
"817","ToyNormal",8,"SKL","IS",-1,0.5,0.0350749788087041,0.00446707065630697,7.85189702768242
"818","ToyNormal",8,"SKL","IS",-1,1,0.0345189831894675,0.004433545214295,7.78586470217301
"819","ToyNormal",8,"SKL","IS",0,0.5,0.140342505432072,0.0178707852706027,7.85318066928675
"820","ToyNormal",8,"SKL","IS",0,1,0.137966017482103,0.0182831924722664,7.54605727043472
"821","ToyNormal",8,"SKL","MCMC",-1,0.5,0.0370852594849242,0.0188432012459722,1.96809761785308
"822","ToyNormal",8,"SKL","MCMC",-1,1,0.0370852594849242,0.0188432012459722,1.96809761785308
"823","ToyNormal",8,"SKL","MCMC",0,0.5,0.139377974199847,0.0410375048725769,3.39635595859499
"824","ToyNormal",8,"SKL","MCMC",0,1,0.139377974199847,0.0410375048725769,3.39635595859498
"825","ToyNormal",8,"SKL","OFF",-1,0.5,0.0351936411733975,0.0267672568384637,1.31480193827054
"826","ToyNormal",8,"SKL","OFF",-1,1,0.0351936411733975,0.0267672568384637,1.31480193827054
"827","ToyNormal",8,"SKL","OFF",0,0.5,0.135122714079884,0.0604857568334713,2.23395921872818
"828","ToyNormal",8,"SKL","OFF",0,1,0.135122714079884,0.0604857568334713,2.23395921872818
"829","ToyNormal",16,"ApproxRejection","IS",-1,0.5,0.277469537122999,0.0140418021760524,19.7602511162142
"830","ToyNormal",16,"ApproxRejection","IS",-1,1,0.270565308644486,0.0129209007166441,20.940127517268
"831","ToyNormal",16,"ApproxRejection","IS",0,0.5,0.554963224886575,0.0281728799753641,19.6984910797854
"832","ToyNormal",16,"ApproxRejection","IS",0,1,0.541625747913557,0.0258968563072156,20.9147296292733
"833","ToyNormal",16,"ApproxRejection","MCMC",-1,0.5,0.271741282933965,0.0137266003892799,19.7966922054632
"834","ToyNormal",16,"ApproxRejection","MCMC",-1,1,0.271741282933965,0.0137266003892799,19.7966922054632
"835","ToyNormal",16,"ApproxRejection","MCMC",0,0.5,0.540545292937745,0.0259115225205489,20.8611937993636
"836","ToyNormal",16,"ApproxRejection","MCMC",0,1,0.540545292937745,0.0259115225205489,20.8611937993636
"837","ToyNormal",16,"ApproxRejection","OFF",-1,0.5,0.279763844149367,0.0146656556877814,19.0761224799823
"838","ToyNormal",16,"ApproxRejection","OFF",-1,1,0.279763844149367,0.0146656556877815,19.0761224799823
"839","ToyNormal",16,"ApproxRejection","OFF",0,0.5,0.521530687306412,0.029582803447413,17.6295221050803
"840","ToyNormal",16,"ApproxRejection","OFF",0,1,0.521530687306412,0.029582803447413,17.6295221050803
"841","ToyNormal",16,"Rejection","IS",-1,0.5,0.277469537122999,0.0140418021760524,19.7602511162143
"842","ToyNormal",16,"Rejection","IS",-1,1,0.270565308644486,0.0129209007166441,20.9401275172679
"843","ToyNormal",16,"Rejection","IS",0,0.5,0.555045447273942,0.028554382219878,19.4381879110503
"844","ToyNormal",16,"Rejection","IS",0,1,0.540281761634042,0.0279619321862822,19.3220467754048
"845","ToyNormal",16,"Rejection","MCMC",-1,0.5,0.271741282933965,0.0137266003892799,19.7966922054632
"846","ToyNormal",16,"Rejection","MCMC",-1,1,0.271741282933965,0.0137266003892799,19.7966922054632
"847","ToyNormal",16,"Rejection","MCMC",0,0.5,0.539488771249488,0.127420308873101,4.23393080758241
"848","ToyNormal",16,"Rejection","MCMC",0,1,0.539488771249488,0.127420308873101,4.23393080758242
"849","ToyNormal",16,"Rejection","OFF",-1,0.5,0.279763844149367,0.0146656556877815,19.0761224799823
"850","ToyNormal",16,"Rejection","OFF",-1,1,0.279763844149367,0.0146656556877814,19.0761224799823
"851","ToyNormal",16,"Rejection","OFF",0,0.5,0.556459041162124,0.25793798480024,2.15733654580993
"852","ToyNormal",16,"Rejection","OFF",0,1,0.556459041162124,0.25793798480024,2.15733654580993
"853","ToyNormal",16,"SKL","IS",-1,0.5,0.016321538087013,0.00169159239377606,9.64862347872067
"854","ToyNormal",16,"SKL","IS",-1,1,0.015870601978238,0.00152213463218485,10.4265428580766
"855","ToyNormal",16,"SKL","IS",0,0.5,0.0650499693581689,0.00645073300805015,10.0841205607162
"856","ToyNormal",16,"SKL","IS",0,1,0.0633572233517893,0.00615631555773419,10.2914190732464
"857","ToyNormal",16,"SKL","MCMC",-1,0.5,0.0176974996166206,0.00877136400813091,2.01764510060412
"858","ToyNormal",16,"SKL","MCMC",-1,1,0.0176974996166206,0.00877136400813088,2.01764510060412
"859","ToyNormal",16,"SKL","MCMC",0,0.5,0.0671489285275669,0.0205823459716228,3.26245261935379
"860","ToyNormal",16,"SKL","MCMC",0,1,0.0671489285275669,0.0205823459716228,3.26245261935379
"861","ToyNormal",16,"SKL","OFF",-1,0.5,0.0161633503308483,0.0116052372552504,1.39276345458045
"862","ToyNormal",16,"SKL","OFF",-1,1,0.0161633503308483,0.0116052372552505,1.39276345458045
"863","ToyNormal",16,"SKL","OFF",0,0.5,0.0641125296332557,0.0279217095197542,2.29615344962661
"864","ToyNormal",16,"SKL","OFF",0,1,0.0641125296332557,0.0279217095197544,2.29615344962659
"865","ToyNormal",32,"ApproxRejection","IS",-1,0.5,0.279633105455537,0.0103280066707647,27.0752251009953
"866","ToyNormal",32,"ApproxRejection","IS",-1,1,0.271734487646016,0.00927730493632698,29.2902399469474
"867","ToyNormal",32,"ApproxRejection","IS",0,0.5,0.559261370569235,0.0206222939809854,27.1192608875083
"868","ToyNormal",32,"ApproxRejection","IS",0,1,0.543708988022746,0.0185552356809116,29.3021871224237
"869","ToyNormal",32,"ApproxRejection","MCMC",-1,0.5,0.271930661362655,0.00911264433590183,29.8410265274271
"870","ToyNormal",32,"ApproxRejection","MCMC",-1,1,0.271930661362655,0.00911264433590179,29.8410265274273
"871","ToyNormal",32,"ApproxRejection","MCMC",0,0.5,0.543497871721167,0.0188486733024384,28.8348077872863
"872","ToyNormal",32,"ApproxRejection","MCMC",0,1,0.543497871721167,0.0188486733024385,28.8348077872862
"873","ToyNormal",32,"ApproxRejection","OFF",-1,0.5,0.281233974982189,0.0100392790134868,28.0133637688902
"874","ToyNormal",32,"ApproxRejection","OFF",-1,1,0.281233974982189,0.0100392790134868,28.0133637688901
"875","ToyNormal",32,"ApproxRejection","OFF",0,0.5,0.524335849586343,0.0213736876599406,24.5318383017767
"876","ToyNormal",32,"ApproxRejection","OFF",0,1,0.524335849586343,0.0213736876599404,24.5318383017769
"877","ToyNormal",32,"Rejection","IS",-1,0.5,0.279633105455537,0.0103280066707648,27.0752251009952
"878","ToyNormal",32,"Rejection","IS",-1,1,0.271734487646016,0.009277304936327,29.2902399469473
"879","ToyNormal",32,"Rejection","IS",0,0.5,0.559940885367282,0.0224399162818944,24.9528954713199
"880","ToyNormal",32,"Rejection","IS",0,1,0.543549572382469,0.019747265246734,27.5253087245773
"881","ToyNormal",32,"Rejection","MCMC",-1,0.5,0.271930661362655,0.00911264433590182,29.8410265274272
"882","ToyNormal",32,"Rejection","MCMC",-1,1,0.271930661362655,0.00911264433590185,29.8410265274271
"883","ToyNormal",32,"Rejection","MCMC",0,0.5,0.537006319204489,0.111486914117682,4.81676547830219
"884","ToyNormal",32,"Rejection","MCMC",0,1,0.537006319204489,0.11148691411768,4.81676547830224
"885","ToyNormal",32,"Rejection","OFF",-1,0.5,0.281233974982189,0.0100392790134867,28.0133637688902
"886","ToyNormal",32,"Rejection","OFF",-1,1,0.281233974982189,0.0100392790134868,28.0133637688902
"887","ToyNormal",32,"Rejection","OFF",0,0.5,0.563267025948079,0.259801111964181,2.16807011213154
"888","ToyNormal",32,"Rejection","OFF",0,1,0.563267025948079,0.259801111964183,2.16807011213152
"889","ToyNormal",32,"SKL","IS",-1,0.5,0.00798528128685115,0.000576003591304525,13.8632491314267
"890","ToyNormal",32,"SKL","IS",-1,1,0.00774353366473621,0.000510314214855757,15.1740504953893
"891","ToyNormal",32,"SKL","IS",0,0.5,0.0318980279820657,0.002338681709921,13.6393198983641
"892","ToyNormal",32,"SKL","IS",0,1,0.0309648091893444,0.00206857860219768,14.9691238014582
"893","ToyNormal",32,"SKL","MCMC",-1,0.5,0.00788150521227302,0.00425892824923856,1.85058417306799
"894","ToyNormal",32,"SKL","MCMC",-1,1,0.00788150521227302,0.00425892824923853,1.850584173068
"895","ToyNormal",32,"SKL","MCMC",0,0.5,0.0309999044826407,0.00853205560999017,3.63334533899931
"896","ToyNormal",32,"SKL","MCMC",0,1,0.0309999044826407,0.00853205560999024,3.63334533899928
"897","ToyNormal",32,"SKL","OFF",-1,0.5,0.00826492512185479,0.00608670195176566,1.35786591611525
"898","ToyNormal",32,"SKL","OFF",-1,1,0.00826492512185479,0.00608670195176574,1.35786591611524
"899","ToyNormal",32,"SKL","OFF",0,0.5,0.0320238380969457,0.0128533632435616,2.49147538197731
"900","ToyNormal",32,"SKL","OFF",0,1,0.0320238380969457,0.0128533632435617,2.49147538197728
"901","ToyNormal",64,"ApproxRejection","IS",-1,0.5,0.279285058964419,0.00692512029300707,40.3292718606547
"902","ToyNormal",64,"ApproxRejection","IS",-1,1,0.271286215043452,0.00621768505568492,43.631385735019
"903","ToyNormal",64,"ApproxRejection","IS",0,0.5,0.558571344729578,0.01385002393168,40.3299913043417
"904","ToyNormal",64,"ApproxRejection","IS",0,1,0.542695021736408,0.0124419473137018,43.6181739122751
"905","ToyNormal",64,"ApproxRejection","MCMC",-1,0.5,0.271193202553842,0.00618992186175642,43.8120558886813
"906","ToyNormal",64,"ApproxRejection","MCMC",-1,1,0.271193202553842,0.00618992186175648,43.8120558886809
"907","ToyNormal",64,"ApproxRejection","MCMC",0,0.5,0.542280445348338,0.0125767392421389,43.1177298747998
"908","ToyNormal",64,"ApproxRejection","MCMC",0,1,0.542280445348338,0.0125767392421389,43.1177298747996
"909","ToyNormal",64,"ApproxRejection","OFF",-1,0.5,0.280498095162213,0.00660474001720678,42.4692106625628
"910","ToyNormal",64,"ApproxRejection","OFF",-1,1,0.280498095162213,0.00660474001720678,42.4692106625628
"911","ToyNormal",64,"ApproxRejection","OFF",0,0.5,0.522825475743041,0.0140320290815653,37.259435018554
"912","ToyNormal",64,"ApproxRejection","OFF",0,1,0.522825475743041,0.0140320290815652,37.2594350185543
"913","ToyNormal",64,"Rejection","IS",-1,0.5,0.279285058964419,0.00692512029300705,40.3292718606548
"914","ToyNormal",64,"Rejection","IS",-1,1,0.271286215043452,0.00621768505568492,43.631385735019
"915","ToyNormal",64,"Rejection","IS",0,0.5,0.559130955311168,0.0154503445979523,36.1888986854876
"916","ToyNormal",64,"Rejection","IS",0,1,0.542432161256497,0.0138771789128271,39.0880714779221
"917","ToyNormal",64,"Rejection","MCMC",-1,0.5,0.271193202553842,0.00618992186175643,43.8120558886812
"918","ToyNormal",64,"Rejection","MCMC",-1,1,0.271193202553842,0.00618992186175644,43.8120558886811
"919","ToyNormal",64,"Rejection","MCMC",0,0.5,0.557275725886484,0.110320504015584,5.05142476332198
"920","ToyNormal",64,"Rejection","MCMC",0,1,0.557275725886484,0.110320504015583,5.05142476332202
"921","ToyNormal",64,"Rejection","OFF",-1,0.5,0.280498095162213,0.00660474001720685,42.4692106625623
"922","ToyNormal",64,"Rejection","OFF",-1,1,0.280498095162213,0.00660474001720676,42.4692106625629
"923","ToyNormal",64,"Rejection","OFF",0,0.5,0.562111852842357,0.341424677969744,1.64637148136131
"924","ToyNormal",64,"Rejection","OFF",0,1,0.562111852842357,0.341424677969743,1.64637148136132
"925","ToyNormal",64,"SKL","IS",-1,0.5,0.00390501346501137,0.000191634744358033,20.3773771718326
"926","ToyNormal",64,"SKL","IS",-1,1,0.00379611685777582,0.000168408830418309,22.5410796354722
"927","ToyNormal",64,"SKL","IS",0,0.5,0.015615915880695,0.000786279990942095,19.8605026969903
"928","ToyNormal",64,"SKL","IS",0,1,0.0151837271875159,0.000694287661055439,21.8695045860875
"929","ToyNormal",64,"SKL","MCMC",-1,0.5,0.00349325683815724,0.0021477927657561,1.62644035954162
"930","ToyNormal",64,"SKL","MCMC",-1,1,0.00349325683815724,0.00214779276575607,1.62644035954164
"931","ToyNormal",64,"SKL","MCMC",0,0.5,0.0147017435541641,0.00453189110976621,3.2440637248503
"932","ToyNormal",64,"SKL","MCMC",0,1,0.0147017435541641,0.00453189110976616,3.24406372485034
"933","ToyNormal",64,"SKL","OFF",-1,0.5,0.0035947266113183,0.00278420843801354,1.29111260573689
"934","ToyNormal",64,"SKL","OFF",-1,1,0.0035947266113183,0.00278420843801357,1.29111260573688
"935","ToyNormal",64,"SKL","OFF",0,0.5,0.0145817667968335,0.0059048197836817,2.46946855806353
"936","ToyNormal",64,"SKL","OFF",0,1,0.0145817667968335,0.00590481978368172,2.46946855806352
"937","ToyNormal",128,"ApproxRejection","IS",-1,0.5,0.279856111128811,0.00484257505318148,57.7907638096286
"938","ToyNormal",128,"ApproxRejection","IS",-1,1,0.271615644579602,0.00455091472010432,59.6837473969137
"939","ToyNormal",128,"ApproxRejection","IS",0,0.5,0.559708226840811,0.00968483633453205,57.7922235861774
"940","ToyNormal",128,"ApproxRejection","IS",0,1,0.543290044491769,0.00910448300193346,59.6728056251403
"941","ToyNormal",128,"ApproxRejection","MCMC",-1,0.5,0.271695226064078,0.00454434081271063,59.7875989635591
"942","ToyNormal",128,"ApproxRejection","MCMC",-1,1,0.271695226064078,0.00454434081271063,59.7875989635591
"943","ToyNormal",128,"ApproxRejection","MCMC",0,0.5,0.543151883824074,0.00899316703986239,60.3960630795072
"944","ToyNormal",128,"ApproxRejection","MCMC",0,1,0.543151883824074,0.00899316703986225,60.3960630795081
"945","ToyNormal",128,"ApproxRejection","OFF",-1,0.5,0.28084161663848,0.00492155145713205,57.0636351330839
"946","ToyNormal",128,"ApproxRejection","OFF",-1,1,0.28084161663848,0.00492155145713196,57.0636351330848
"947","ToyNormal",128,"ApproxRejection","OFF",0,0.5,0.525207561236698,0.01057921901768,49.6452110840102
"948","ToyNormal",128,"ApproxRejection","OFF",0,1,0.525207561236698,0.0105792190176804,49.6452110840082
"949","ToyNormal",128,"Rejection","IS",-1,0.5,0.279856111128811,0.0048425750531816,57.7907638096272
"950","ToyNormal",128,"Rejection","IS",-1,1,0.271615644579602,0.00455091472010435,59.6837473969132
"951","ToyNormal",128,"Rejection","IS",0,0.5,0.560837656628344,0.0109010072854262,51.4482416114096
"952","ToyNormal",128,"Rejection","IS",0,1,0.543607911873844,0.0102271884148548,53.1532117941879
"953","ToyNormal",128,"Rejection","MCMC",-1,0.5,0.271695226064078,0.00454434081271059,59.7875989635597
"954","ToyNormal",128,"Rejection","MCMC",-1,1,0.271695226064078,0.00454434081271065,59.7875989635589
"955","ToyNormal",128,"Rejection","MCMC",0,0.5,0.535382144435125,0.112335807906726,4.76590816776484
"956","ToyNormal",128,"Rejection","MCMC",0,1,0.535382144435125,0.112335807906726,4.76590816776484
"957","ToyNormal",128,"Rejection","OFF",-1,0.5,0.28084161663848,0.004921551457132,57.0636351330844
"958","ToyNormal",128,"Rejection","OFF",-1,1,0.28084161663848,0.004921551457132,57.0636351330844
"959","ToyNormal",128,"Rejection","OFF",0,0.5,0.506838355952475,0.43524259543986,1.16449621719643
"960","ToyNormal",128,"Rejection","OFF",0,1,0.506838355952475,0.435242595439863,1.16449621719643
"961","ToyNormal",128,"SKL","IS",-1,0.5,0.00194171171130046,6.46454717070756e-05,30.0363143778861
"962","ToyNormal",128,"SKL","IS",-1,1,0.0018880811906637,6.12800814255942e-05,30.810683451134
"963","ToyNormal",128,"SKL","IS",0,0.5,0.00777839769800376,0.000268319168800216,28.9893477711068
"964","ToyNormal",128,"SKL","IS",0,1,0.00755814516204653,0.000255449310804177,29.5876514141018
"965","ToyNormal",128,"SKL","MCMC",-1,0.5,0.00198192746909477,0.00100044714608787,1.98104165406924
"966","ToyNormal",128,"SKL","MCMC",-1,1,0.00198192746909477,0.00100044714608787,1.98104165406924
"967","ToyNormal",128,"SKL","MCMC",0,0.5,0.00767295534659747,0.00197330479685562,3.88837819622392
"968","ToyNormal",128,"SKL","MCMC",0,1,0.00767295534659747,0.00197330479685557,3.88837819622402
"969","ToyNormal",128,"SKL","OFF",-1,0.5,0.00198945277567583,0.0015484879022501,1.28477127447038
"970","ToyNormal",128,"SKL","OFF",-1,1,0.00198945277567583,0.00154848790225006,1.28477127447042
"971","ToyNormal",128,"SKL","OFF",0,0.5,0.00735330055493923,0.00327532456829041,2.24506011591314
"972","ToyNormal",128,"SKL","OFF",0,1,0.00735330055493923,0.00327532456829038,2.24506011591316
