round,isAdapt,beta,value
0,true,0.01,6.556188044442024E-4
0,true,0.02,154.78107733318183
0,true,0.03,149.00000000685145
0,true,0.04,23.128576255998894
0,true,0.05,9.051749987065705E-4
0,true,0.06,50.42354819544457
0,true,0.07,173.6301880605631
0,true,0.08,148.99522833988829
0,true,0.09,149.00000000000364
0,true,0.1,148.99952269395294
0,true,0.11,149.0000692192025
0,true,0.12,65.08571823344914
0,true,0.13,6.119429995123937E-4
0,true,0.14,107.6381878267332
0,true,0.15,203.38341100006346
0,true,0.16,1.1447104907347239E-4
0,true,0.17,4.8678360053600045E-4
0,true,0.18,131.95440056892357
0,true,0.19,141.80343769003093
0,true,0.2,149.00000187446767
0,true,0.21,0.0022533269980158366
0,true,0.22,0.0027195479979127413
0,true,0.23,0.0011849638185594813
0,true,0.24,163.05527823223656
0,true,0.25,0.0016762252735134098
0,true,0.26,0.0024477298870806408
0,true,0.27,0.0010622592412801168
0,true,0.28,191.39983906462157
0,true,0.29,114.00031311401199
0,true,0.3,141.85995373555033
0,true,0.31,130.30788425225
0,true,0.32,4.5772800149279647E-4
0,true,0.33,3.6817373302428678
0,true,0.34,170.56813820488424
0,true,0.35,106.69870528845104
0,true,0.36,5.793071104562841E-4
0,true,0.37,7.559044388472103E-5
0,true,0.38,210.62452660613417
0,true,0.39,8.752627145440783E-4
0,true,0.4,0.001609171092241013
0,true,0.41,0.0023760997037243214
0,true,0.42,209.53813285719662
0,true,0.43,2.1903002789258608E-5
0,true,0.44,193.42006395362296
0,true,0.45,0.002680864921785542
0,true,0.46,221.84840365243963
0,true,0.47,4.023005203634966E-6
0,true,0.48,161.73317943670008
0,true,0.49,141.258413891263
0,true,0.5,8.149909790517995E-4
0,true,0.51,92.3478103140701
0,true,0.52,0.0012086626593372785
0,true,0.53,0.0015753715981645655
0,true,0.54,9.458195618208265E-4
0,true,0.55,24.017253603125255
0,true,0.56,0.001756979670972214
0,true,0.57,0.0014900000010129588
0,true,0.58,0.0014900000005582115
0,true,0.59,0.0014899999978297274
0,true,0.6,7.151892714318819E-4
0,true,0.61,87.51070552832607
0,true,0.62,0.0016193242390727391
0,true,0.63,0.0014900000005582115
0,true,0.64,5.793065720354207E-4
0,true,0.65,138.6789660281147
0,true,0.66,198.12534383136153
0,true,0.67,1.2918305947096087E-4
0,true,0.68,1.6975044695900579
0,true,0.69,133.0280928131251
0,true,0.7,0.0013857062640454387
0,true,0.71,0.0014900000014677062
0,true,0.72,0.0014899999996487168
0,true,0.73,0.0011343601463522646
0,true,0.74,158.58880741502435
0,true,0.75,0.0013013948337174952
0,true,0.76,0.0025818719987000804
0,true,0.77,0.0023820629976398777
0,true,0.78,182.14019510411435
0,true,0.79,0.0010800927702803165
0,true,0.8,127.40708699764218
0,true,0.81,7.746270293864654E-4
0,true,0.82,166.9731773774638
0,true,0.83,4.867829975410132E-4
0,true,0.84,20.778195331078678
0,true,0.85,127.9199746759241
0,true,0.86,60.58095612731631
0,true,0.87,150.05191233620462
0,true,0.88,0.0015375764933196479
0,true,0.89,211.19773462813828
0,true,0.9,5.513567166417488E-4
0,true,0.91,0.0014900000005582115
0,true,0.92,0.0016992577493510908
0,true,0.93,0.0014511448353005107
0,true,0.94,0.003949690720219223
0,true,0.95,0.0013521748951461632
0,true,0.96,0.004119541561522055
0,true,0.97,0.002226892347607645
0,true,0.98,10.395338426450394
0,true,0.99,89.06240169142802
1,true,0.01,38.94143683355054
1,true,0.02,132.5704074318984
1,true,0.03,258.3377245631307
1,true,0.04,112.84163506359789
1,true,0.05,15.392097390631989
1,true,0.06,110.39511897367538
1,true,0.07,27.9230155083078
1,true,0.08,0.002259252380099497
1,true,0.09,351.3364259037271
1,true,0.1,76.32064145140839
1,true,0.11,0.0020493976084026144
1,true,0.12,108.71691029017299
1,true,0.13,38.052636966391674
1,true,0.14,113.40960760570874
1,true,0.15,0.003926992600099766
1,true,0.16,31.13462868543229
1,true,0.17,53.236269762810025
1,true,0.18,61.95108588591006
1,true,0.19,0.003421577630433603
1,true,0.2,144.925389256141
1,true,0.21,39.918629705894546
1,true,0.22,57.424364260330094
1,true,0.23,71.81333512182755
1,true,0.24,35.24443692417407
1,true,0.25,46.1542128775684
1,true,0.26,30.83806459872494
1,true,0.27,32.38726645965289
1,true,0.28,29.50927806888103
1,true,0.29,8.584727729612496E-4
1,true,0.3,0.0018702057938071448
1,true,0.31,0.0014273610687780547
1,true,0.32,17.92755139570636
1,true,0.33,27.093881350481524
1,true,0.34,0.001850742994065513
1,true,0.35,38.45366087557409
1,true,0.36,34.06452683902512
1,true,0.37,30.19355458105315
1,true,0.38,69.68244656453317
1,true,0.39,9.885344851077662
1,true,0.4,6.941411138090643
1,true,0.41,20.86797362750667
1,true,0.42,21.92122757109246
1,true,0.43,10.360948123814978
1,true,0.44,10.134998426390666
1,true,0.45,28.639944211962302
1,true,0.46,25.417513258276813
1,true,0.47,67.14495370467785
1,true,0.48,2.681063457308653
1,true,0.49,38.28788878463638
1,true,0.5,36.337909123879854
1,true,0.51,46.15347273730788
1,true,0.52,4.237942923737137E-4
1,true,0.53,1.4408027482204488E-4
1,true,0.54,2.81854878608101E-4
1,true,0.55,0.8315837493613856
1,true,0.56,3.3597122763294465
1,true,0.57,5.7717968077033674
1,true,0.58,8.067837343482552
1,true,0.59,10.24783388366734
1,true,0.6,12.311786428257761
1,true,0.61,15.613982479741168
1,true,0.62,9.741590038009349
1,true,0.63,11.654341708427182
1,true,0.64,21.352237490993275
1,true,0.65,30.100970944639357
1,true,0.66,20.719577675114124
1,true,0.67,9.464734664683647
1,true,0.68,12.33152234967406
1,true,0.69,9.174499635378197E-5
1,true,0.7,5.774288229076774E-5
1,true,0.71,9.102162061935815E-5
1,true,0.72,1.9158121040163678E-4
1,true,0.73,3.5942165231972467E-4
1,true,0.74,9.768289297086085
1,true,0.75,2.504066265601068
1,true,0.76,10.561186764847207
1,true,0.77,10.452240968924798
1,true,0.78,7.992797509359661E-5
1,true,0.79,31.76516738909322
1,true,0.8,8.741308774915524E-4
1,true,0.81,9.71233543168637E-4
1,true,0.82,8.377563643320173
1,true,0.83,27.66673925614623
1,true,0.84,35.24231740301184
1,true,0.85,0.001408221136443899
1,true,0.86,12.774545972850774
1,true,0.87,0.009074844164388196
1,true,0.88,2.6002084549277242
1,true,0.89,9.197403590740578
1,true,0.9,6.3326498347071265
1,true,0.91,8.209961494257186
1,true,0.92,8.79075777894252
1,true,0.93,8.075038688763243
1,true,0.94,6.062804223719581
1,true,0.95,2.7540543838114218
1,true,0.96,4.0924336667558237E-4
1,true,0.97,3.0687428011333395E-4
1,true,0.98,6.18889599763861E-4
1,true,0.99,30.143723352679444
2,true,0.01,181.29813087651473
2,true,0.02,398.0392335068226
2,true,0.03,374.9764733215925
2,true,0.04,211.71333464479903
2,true,0.05,83.22932108618488
2,true,0.06,147.16976451456867
2,true,0.07,48.58178694493017
2,true,0.08,92.647399549498
2,true,0.09,231.33064043387276
2,true,0.1,1.2730775463238047
2,true,0.11,23.167327394466156
2,true,0.12,74.32547522861341
2,true,0.13,30.94046592396262
2,true,0.14,35.96923059856272
2,true,0.15,18.714126635575667
2,true,0.16,29.09055555033399
2,true,0.17,41.39104640755795
2,true,0.18,33.261868463205246
2,true,0.19,15.89879320084765
2,true,0.2,11.505025427923101
2,true,0.21,20.855059437717955
2,true,0.22,50.94731875023126
2,true,0.23,8.690729059548175
2,true,0.24,16.71276526821839
2,true,0.25,19.675571439611304
2,true,0.26,35.85029768323511
2,true,0.27,9.202937086601196
2,true,0.28,19.864816363546353
2,true,0.29,6.593315172331813
2,true,0.3,7.135875780894821
2,true,0.31,21.492498189236585
2,true,0.32,54.63522011991836
2,true,0.33,19.052936431564376
2,true,0.34,23.129101206010546
2,true,0.35,4.690954790093201
2,true,0.36,11.163020546849566
2,true,0.37,9.046110813576888
2,true,0.38,12.69027701366258
2,true,0.39,21.26637346785833
2,true,0.4,23.959643196359593
2,true,0.41,18.695050883448175
2,true,0.42,4.50857923809599
2,true,0.43,1.3575008436171174
2,true,0.44,4.474525473786343
2,true,0.45,28.04767727979015
2,true,0.46,15.873947434301044
2,true,0.47,9.366208975419795
2,true,0.48,13.480561241191936
2,true,0.49,8.29322393948496
2,true,0.5,6.131795001145292
2,true,0.51,3.5878380765971087
2,true,0.52,6.536040147089523
2,true,0.53,7.167658741510309
2,true,0.54,7.68182589035041
2,true,0.55,8.078541593609657
2,true,0.56,8.35780585128839
2,true,0.57,8.519618663386439
2,true,0.58,8.563980029903703
2,true,0.59,7.7950805155019225
2,true,0.6,11.545834195140515
2,true,0.61,21.31849758885255
2,true,0.62,12.80199611454276
2,true,0.63,6.651939233950088
2,true,0.64,5.321997461435785
2,true,0.65,6.506863297903692
2,true,0.66,4.797496492398295
2,true,0.67,3.5906362330763386
2,true,0.68,2.8564906403077543
2,true,0.69,2.4803471543192472
2,true,0.7,2.154087598813021
2,true,0.71,1.8777119737886778
2,true,0.72,1.6512202792472408
2,true,0.73,1.4746125151879141
2,true,0.74,1.3478886816111526
2,true,0.75,1.271048778516473
2,true,0.76,0.6169154316876302
2,true,0.77,3.8896812431567014
2,true,0.78,14.970870928284057
2,true,0.79,1.3323030846750044
2,true,0.8,10.273611263307998
2,true,0.81,12.029567783270522
2,true,0.82,12.454090876346527
2,true,0.83,14.269842989504468
2,true,0.84,0.5309478277531525
2,true,0.85,2.97202058163748E-6
2,true,0.86,7.635657539140084E-5
2,true,0.87,2.481781825736107E-4
2,true,0.88,5.184368453683419E-4
2,true,0.89,1.2629249935075677
2,true,0.9,4.186795876876204
2,true,0.91,5.677761328087058
2,true,0.92,7.687805800680508
2,true,0.93,7.700431444417973
2,true,0.94,6.184303127010196
2,true,0.95,5.363063487093768
2,true,0.96,5.459334819103788
2,true,0.97,6.473117123040879
2,true,0.98,8.404410398904133
2,true,0.99,7.267200293391852
3,true,0.01,597.3215754784251
3,true,0.02,651.9498587722046
3,true,0.03,235.5358787533005
3,true,0.04,208.44356941627484
3,true,0.05,134.55514154760021
3,true,0.06,137.64432341698193
3,true,0.07,87.78946932591134
3,true,0.08,79.47553913714364
3,true,0.09,103.53345689377238
3,true,0.1,53.66902057833204
3,true,0.11,34.1474703046988
3,true,0.12,48.337550732579984
3,true,0.13,36.549653662316814
3,true,0.14,28.01654389922078
3,true,0.15,47.868177096054296
3,true,0.16,49.65434713616037
3,true,0.17,51.13800796658438
3,true,0.18,11.828608478543629
3,true,0.19,32.17382976357612
3,true,0.2,27.846849929341033
3,true,0.21,9.19901069208754
3,true,0.22,7.808142484297605
3,true,0.23,39.02924010574952
3,true,0.24,23.57032775711059
3,true,0.25,29.84972054595511
3,true,0.26,36.54871894847929
3,true,0.27,2.19489113337022
3,true,0.28,3.3837130949896164
3,true,0.29,10.913679608841448
3,true,0.3,13.765187807267012
3,true,0.31,19.45629643009488
3,true,0.32,9.551123513159382
3,true,0.33,24.40400308729295
3,true,0.34,17.811739389197783
3,true,0.35,14.890289636091893
3,true,0.36,15.382803667228714
3,true,0.37,2.9744076763681733
3,true,0.38,9.017092847191407
3,true,0.39,28.303372618491267
3,true,0.4,16.861564494660342
3,true,0.41,12.652674916890419
3,true,0.42,10.940041648329498
3,true,0.43,12.520061052290657
3,true,0.44,16.174378094574422
3,true,0.45,16.03746486761247
3,true,0.46,13.33106185149336
3,true,0.47,10.624717091499406
3,true,0.48,9.393901515044945
3,true,0.49,11.761322671153266
3,true,0.5,15.400797104066669
3,true,0.51,16.416746758971158
3,true,0.52,14.748060872250335
3,true,0.53,10.394739443905223
3,true,0.54,3.9403983855727347
3,true,0.55,2.06948913459928
3,true,0.56,5.329465748474377
3,true,0.57,11.184518473656226
3,true,0.58,13.206079336998755
3,true,0.59,11.217587219611232
3,true,0.6,5.8443243006527155
3,true,0.61,7.42840294064581
3,true,0.62,11.449157817803552
3,true,0.63,9.598460990428862
3,true,0.64,7.558668114307238
3,true,0.65,6.619543318429578
3,true,0.66,6.2458558211619675
3,true,0.67,6.4376056225048615
3,true,0.68,7.194792722458033
3,true,0.69,8.38848694189889
3,true,0.7,9.11214794936393
3,true,0.71,9.646089301894676
3,true,0.72,9.990310999491612
3,true,0.73,10.14481304215417
3,true,0.74,10.10959542988303
3,true,0.75,9.88465816267717
3,true,0.76,9.470001240537727
3,true,0.77,8.865624663463564
3,true,0.78,8.071528431455501
3,true,0.79,5.622463141959088
3,true,0.8,6.003510264198667
3,true,0.81,9.541434002601648
3,true,0.82,13.524093183879359
3,true,0.83,10.137511992319844
3,true,0.84,9.068589780241041
3,true,0.85,8.357732371861005
3,true,0.86,7.77291776221864
3,true,0.87,7.314145951312639
3,true,0.88,6.981416939143628
3,true,0.89,6.774730725711834
3,true,0.9,6.694087311017029
3,true,0.91,6.7394866950590995
3,true,0.92,6.910928877838387
3,true,0.93,6.6089670401642024
3,true,0.94,6.2131769535928925
3,true,0.95,6.301627730961172
3,true,0.96,6.874319372267564
3,true,0.97,7.817657141254358
3,true,0.98,8.42709023107227
3,true,0.99,8.587534911875764
4,true,0.01,1162.8101260601397
4,true,0.02,482.0283159423998
4,true,0.03,302.60326891486693
4,true,0.04,171.45429236220753
4,true,0.05,154.30822773143518
4,true,0.06,139.2428884341807
4,true,0.07,107.11422959747688
4,true,0.08,104.76392866072274
4,true,0.09,58.08628604938349
4,true,0.1,50.29335381389319
4,true,0.11,61.004024711941156
4,true,0.12,45.999703983068684
4,true,0.13,52.16100306262945
4,true,0.14,31.917538031960248
4,true,0.15,38.88899983338524
4,true,0.16,39.846132933589615
4,true,0.17,45.527355410355085
4,true,0.18,23.06379770814283
4,true,0.19,29.626658649053752
4,true,0.2,32.68494891994851
4,true,0.21,26.846599279304883
4,true,0.22,22.936631940440748
4,true,0.23,13.26115509614283
4,true,0.24,31.046333904323546
4,true,0.25,30.63097990768938
4,true,0.26,19.357756156749588
4,true,0.27,13.433559259335198
4,true,0.28,12.477660810147427
4,true,0.29,15.88969478969625
4,true,0.3,16.80767470392766
4,true,0.31,18.60202846172365
4,true,0.32,20.8248474334614
4,true,0.33,23.247530934091742
4,true,0.34,26.82603827037974
4,true,0.35,14.498005120994776
4,true,0.36,7.832984858094505
4,true,0.37,7.682262898920271
4,true,0.38,14.050636905489682
4,true,0.39,19.440952454167927
4,true,0.4,17.945388417098457
4,true,0.41,17.953888393774378
4,true,0.42,18.863951607324907
4,true,0.43,19.369268288442527
4,true,0.44,15.73213379904064
4,true,0.45,9.824631632815453
4,true,0.46,8.411459202110109
4,true,0.47,8.949402279536116
4,true,0.48,8.840062096722704
4,true,0.49,10.767030837281254
4,true,0.5,15.274152839461749
4,true,0.51,17.15457996143641
4,true,0.52,15.02850094619646
4,true,0.53,14.749414111862961
4,true,0.54,14.273340084677102
4,true,0.55,13.600278864639677
4,true,0.56,12.730230451750913
4,true,0.57,11.479637922541542
4,true,0.58,10.263991002675084
4,true,0.59,9.321909327507456
4,true,0.6,7.931171131953761
4,true,0.61,7.193673675883701
4,true,0.62,7.410201538781166
4,true,0.63,8.580754720647121
4,true,0.64,9.403073659122015
4,true,0.65,9.828974603147572
4,true,0.66,9.884411631234116
4,true,0.67,9.569384743381534
4,true,0.68,8.782626618100608
4,true,0.69,7.939852458921223
4,true,0.7,8.070553657110167
4,true,0.71,9.17473021266892
4,true,0.72,11.727203842319568
4,true,0.73,13.41367590322443
4,true,0.74,12.337393245252315
4,true,0.75,8.615841278038943
4,true,0.76,5.767152654101437
4,true,0.77,4.649965459798523
4,true,0.78,5.264279695130426
4,true,0.79,7.305314451727895
4,true,0.8,8.400032531022816
4,true,0.81,8.192364086846965
4,true,0.82,6.682309119196361
4,true,0.83,4.400827763837697
4,true,0.84,3.045626747471033
4,true,0.85,2.687764219091605
4,true,0.86,3.3272401786986734
4,true,0.87,2.8986136230888633
4,true,0.88,2.821046869537895
4,true,0.89,3.2931922171642327
4,true,0.9,4.315049665969127
4,true,0.91,5.859043693767262
4,true,0.92,7.201449706156609
4,true,0.93,8.055534057399427
4,true,0.94,8.421296747495035
4,true,0.95,8.298737776442294
4,true,0.96,7.7722708031386105
4,true,0.97,7.8018158089469125
4,true,0.98,7.817517648453759
4,true,0.99,7.81937632165841
5,true,0.01,727.1607588584011
5,true,0.02,452.7968671435883
5,true,0.03,260.37120203218365
5,true,0.04,124.36166645739286
5,true,0.05,181.45094873441644
5,true,0.06,84.56285891387597
5,true,0.07,88.70105400491866
5,true,0.08,84.97787552605496
5,true,0.09,94.88017727806255
5,true,0.1,72.29103154044242
5,true,0.11,47.91059296817366
5,true,0.12,68.62505332210367
5,true,0.13,38.671430491492174
5,true,0.14,50.00589761087599
5,true,0.15,39.717183846115404
5,true,0.16,38.41857350067221
5,true,0.17,38.865075780388
5,true,0.18,40.70663427529925
5,true,0.19,41.519129054588575
5,true,0.2,34.37639751379538
5,true,0.21,16.459644692327856
5,true,0.22,24.545612364592216
5,true,0.23,29.158628708782317
5,true,0.24,37.08197467852278
5,true,0.25,23.768342780137573
5,true,0.26,23.043924447027393
5,true,0.27,22.143519405482948
5,true,0.28,20.83385111676307
5,true,0.29,19.08841669159574
5,true,0.3,21.664115125276567
5,true,0.31,25.96569276604032
5,true,0.32,24.361307315943293
5,true,0.33,23.068486230386043
5,true,0.34,16.408330278067297
5,true,0.35,15.185781449150866
5,true,0.36,13.666973211994446
5,true,0.37,13.73873930055629
5,true,0.38,15.401079714837238
5,true,0.39,17.987982129195643
5,true,0.4,20.06993075282412
5,true,0.41,24.359022104511496
5,true,0.42,18.981896118015584
5,true,0.43,10.189453946066806
5,true,0.44,12.543423220442492
5,true,0.45,13.661714869112302
5,true,0.46,14.112241709235832
5,true,0.47,14.001756785061048
5,true,0.48,13.848927968495218
5,true,0.49,13.82320444944071
5,true,0.5,13.453685864958516
5,true,0.51,12.147850537834529
5,true,0.52,12.55285950346115
5,true,0.53,16.19378827759715
5,true,0.54,17.52498779662983
5,true,0.55,13.56080088630847
5,true,0.56,9.493481917807003
5,true,0.57,8.783911090644779
5,true,0.58,11.156882022060401
5,true,0.59,12.259197842012554
5,true,0.6,12.71892348902793
5,true,0.61,12.536058963105233
5,true,0.62,11.710604264246001
5,true,0.63,11.579867706782352
5,true,0.64,11.177300856118109
5,true,0.65,10.384917218631472
5,true,0.66,9.048596472258907
5,true,0.67,7.3075208748869045
5,true,0.68,6.964022417686692
5,true,0.69,8.018101100657077
5,true,0.7,10.617123358111371
5,true,0.71,12.669718317972183
5,true,0.72,12.270444241143878
5,true,0.73,9.419301127626511
5,true,0.74,7.00359321687074
5,true,0.75,5.836133623603473
5,true,0.76,5.820017013123561
5,true,0.77,6.848314566070968
5,true,0.78,7.031736237094037
5,true,0.79,7.151369275834213
5,true,0.8,7.2072136822891935
5,true,0.81,7.199269456459319
5,true,0.82,7.139482877147351
5,true,0.83,7.143424212777006
5,true,0.84,7.1477433461087685
5,true,0.85,7.152440277143228
5,true,0.86,7.1575150058801
5,true,0.87,7.162967532319499
5,true,0.88,7.168797856461083
5,true,0.89,7.175005978305535
5,true,0.9,7.181591897852172
5,true,0.91,7.188555615101222
5,true,0.92,7.52946594472337
5,true,0.93,7.599766848875333
5,true,0.94,7.287820837646905
5,true,0.95,6.593627911036947
5,true,0.96,5.5916779445790326
5,true,0.97,4.843759747829836
5,true,0.98,4.464898805063285
5,true,0.99,4.4550951162791534
6,true,0.01,17.61517093716793
6,true,0.02,25.516261688730992
6,true,0.03,35.12155336254739
6,true,0.04,55.22206981440149
6,true,0.05,52.14824032206593
6,true,0.06,34.461299973709856
6,true,0.07,28.86117478440974
6,true,0.08,19.123790622224078
6,true,0.09,16.751456356064978
6,true,0.1,21.826854058713934
6,true,0.11,14.006710330642932
6,true,0.12,12.926898067342336
6,true,0.13,11.392374095072057
6,true,0.14,5.580870088844449
6,true,0.15,11.694446312272134
6,true,0.16,9.372876046578995
6,true,0.17,10.498168443292798
6,true,0.18,8.420875378103972
6,true,0.19,10.128445458749184
6,true,0.2,7.123228600074498
6,true,0.21,5.7189124272367735
6,true,0.22,7.1777129832518085
6,true,0.23,9.194515755739985
6,true,0.24,8.215861997956551
6,true,0.25,7.250458638117067
6,true,0.26,6.751731831636903
6,true,0.27,8.647355490334803
6,true,0.28,8.122215242043694
6,true,0.29,5.900763654083448
6,true,0.3,6.825715895478687
6,true,0.31,7.790047789476944
6,true,0.32,5.054107716836597
6,true,0.33,6.223284045070102
6,true,0.34,7.060079667174932
6,true,0.35,5.041754855507335
6,true,0.36,3.5383108769332807
6,true,0.37,4.136263995792149
6,true,0.38,6.082807404766299
6,true,0.39,6.193485815447389
6,true,0.4,4.6789127187443
6,true,0.41,4.578089724971619
6,true,0.42,5.002208387475889
6,true,0.43,4.760324437447139
6,true,0.44,4.190305823957829
6,true,0.45,4.042110736335189
6,true,0.46,4.355076368961711
6,true,0.47,4.60081639334976
6,true,0.48,4.746159004787955
6,true,0.49,4.91350395744692
6,true,0.5,5.0444323148947205
6,true,0.51,4.908802276868613
6,true,0.52,4.879573851956252
6,true,0.53,4.5672375989334455
6,true,0.54,3.608015106743352
6,true,0.55,2.8563166428182853
6,true,0.56,3.521287335919453
6,true,0.57,5.085569470044703
6,true,0.58,5.8016665309796736
6,true,0.59,5.586913251847932
6,true,0.6,4.545019989796003
6,true,0.61,3.9540921899082377
6,true,0.62,4.133470814821692
6,true,0.63,4.941644331593011
6,true,0.64,5.363418646908883
6,true,0.65,5.232726108699524
6,true,0.66,4.590663112790189
6,true,0.67,4.321332876993097
6,true,0.68,4.084042418189256
6,true,0.69,3.87879173637819
6,true,0.7,3.705580831560198
6,true,0.71,3.1614550342084726
6,true,0.72,2.9996191426876067
6,true,0.73,3.4860108834554353
6,true,0.74,3.964567434477857
6,true,0.75,4.181567027428997
6,true,0.76,4.403587725819705
6,true,0.77,4.630629529650179
6,true,0.78,4.862692438920163
6,true,0.79,5.171646899771318
6,true,0.8,5.597055806244924
6,true,0.81,5.830612075658564
6,true,0.82,5.8723157080120245
6,true,0.83,5.722166703305561
6,true,0.84,5.267571680267068
6,true,0.85,4.774098117849064
6,true,0.86,4.771095036462725
6,true,0.87,5.258562436107809
6,true,0.88,6.2365003167843724
6,true,0.89,7.3240253204475465
6,true,0.9,7.920346651666534
6,true,0.91,8.727834593939122
6,true,0.92,9.746489147265208
6,true,0.93,10.976310311644795
6,true,0.94,12.445621003449787
6,true,0.95,13.716359213615192
6,true,0.96,14.606413595263462
6,true,0.97,15.115784148394908
6,true,0.98,15.24447087300905
6,true,0.99,14.992473769106454
7,true,0.01,53.2789383419431
7,true,0.02,40.44284732301321
7,true,0.03,36.01119075073939
7,true,0.04,33.78265602497618
7,true,0.05,28.257663373842206
7,true,0.06,26.68480455197141
7,true,0.07,27.436910663620893
7,true,0.08,21.951841483333055
7,true,0.09,19.22053942216712
7,true,0.1,22.60792039142916
7,true,0.11,24.13400994331664
7,true,0.12,19.02472778390279
7,true,0.13,21.497765776503684
7,true,0.14,17.522233641949526
7,true,0.15,19.302975128739263
7,true,0.16,16.793317080521774
7,true,0.17,18.083677490721584
7,true,0.18,17.36059921062929
7,true,0.19,15.931753178505005
7,true,0.2,14.897662038402132
7,true,0.21,17.34818014537484
7,true,0.22,14.971445807310033
7,true,0.23,14.391527248480998
7,true,0.24,17.19985046001989
7,true,0.25,11.917570472782245
7,true,0.26,16.5627186987615
7,true,0.27,11.137592683974162
7,true,0.28,14.16208349547901
7,true,0.29,13.700313635971497
7,true,0.3,10.03472244051909
7,true,0.31,12.59669859096266
7,true,0.32,12.44655195760231
7,true,0.33,10.813549105541824
7,true,0.34,9.294372037117114
7,true,0.35,12.719386732784074
7,true,0.36,10.379324239756556
7,true,0.37,9.820144434364465
7,true,0.38,10.571768136245737
7,true,0.39,7.757469737204019
7,true,0.4,8.101629870363467
7,true,0.41,9.817199891252812
7,true,0.42,9.236390354334276
7,true,0.43,8.976727419960639
7,true,0.44,8.738731288436952
7,true,0.45,8.50450292901013
7,true,0.46,8.30323474396016
7,true,0.47,7.688134725039333
7,true,0.48,7.3922185162797405
7,true,0.49,7.778195639057344
7,true,0.5,8.101089658980555
7,true,0.51,8.381479348296239
7,true,0.52,8.288654951630065
7,true,0.53,8.321911359322812
7,true,0.54,8.504698290726196
7,true,0.55,7.99994493537173
7,true,0.56,7.314744335969635
7,true,0.57,7.176892520057152
7,true,0.58,6.986242371600383
7,true,0.59,8.654875062928795
7,true,0.6,8.694017489366047
7,true,0.61,8.575666020819767
7,true,0.62,6.462997819707994
7,true,0.63,6.220256339053321
7,true,0.64,7.836796168906858
7,true,0.65,7.947072745116316
7,true,0.66,7.902904531010904
7,true,0.67,7.494911775395053
7,true,0.68,7.592130987430025
7,true,0.69,7.631460394616738
7,true,0.7,7.898545904113295
7,true,0.71,8.213243146891045
7,true,0.72,8.038430239824379
7,true,0.73,7.442331322191308
7,true,0.74,7.815462466814438
7,true,0.75,9.030379077637463
7,true,0.76,8.777183364794837
7,true,0.77,8.283104470178387
7,true,0.78,7.4082104448574455
7,true,0.79,6.915445526513622
7,true,0.8,6.814235786099971
7,true,0.81,7.381555598204386
7,true,0.82,7.9169657078911655
7,true,0.83,7.938376626628951
7,true,0.84,6.750007679374221
7,true,0.85,6.113225123080383
7,true,0.86,6.396937348830079
7,true,0.87,7.533470892641162
7,true,0.88,7.795415198987257
7,true,0.89,7.508304669139534
7,true,0.9,7.18590291248438
7,true,0.91,6.0938998687240655
7,true,0.92,5.878281810601038
7,true,0.93,7.010472657123046
7,true,0.94,7.355575666232653
7,true,0.95,9.455780713161403
7,true,0.96,8.400921772212996
7,true,0.97,9.6686182002868
7,true,0.98,13.53251003372327
7,true,0.99,19.2755900985037
8,true,0.01,46.52136050556646
8,true,0.02,30.98809912063257
8,true,0.03,25.760855688290746
8,true,0.04,25.69121233887472
8,true,0.05,22.179918741219808
8,true,0.06,22.62823382384886
8,true,0.07,22.323523266253915
8,true,0.08,18.303247552573907
8,true,0.09,20.93299022114627
8,true,0.1,17.54041751461409
8,true,0.11,17.89550201758641
8,true,0.12,13.833290718243006
8,true,0.13,16.40538573350227
8,true,0.14,14.692692242487965
8,true,0.15,13.847242484282333
8,true,0.16,12.96677476489424
8,true,0.17,14.7867905510003
8,true,0.18,14.687236738508545
8,true,0.19,13.013567251783115
8,true,0.2,13.980414240595621
8,true,0.21,13.038996128568897
8,true,0.22,11.841741908929862
8,true,0.23,11.898378682128396
8,true,0.24,11.274393937093464
8,true,0.25,12.920091052792404
8,true,0.26,12.210336607334739
8,true,0.27,12.647873495406316
8,true,0.28,13.288162455994211
8,true,0.29,9.232375727634917
8,true,0.3,10.746977716811898
8,true,0.31,10.249619896897315
8,true,0.32,9.46836253647939
8,true,0.33,10.26369918015007
8,true,0.34,8.730363924821404
8,true,0.35,10.164050095720768
8,true,0.36,9.671593807651561
8,true,0.37,9.37420854228867
8,true,0.38,9.326430371728236
8,true,0.39,9.915332383602163
8,true,0.4,8.811024529061456
8,true,0.41,9.363514908373872
8,true,0.42,9.716900512661141
8,true,0.43,8.866576055718951
8,true,0.44,8.191471782997723
8,true,0.45,8.272592776016268
8,true,0.46,7.225570056675792
8,true,0.47,8.628371316318578
8,true,0.48,10.58743146895074
8,true,0.49,8.414832729756426
8,true,0.5,7.253092885961905
8,true,0.51,8.56139927760944
8,true,0.52,8.101096361743458
8,true,0.53,7.181231725129351
8,true,0.54,6.3080618466067335
8,true,0.55,6.659078348890034
8,true,0.56,7.949867504366466
8,true,0.57,7.398281800021266
8,true,0.58,6.993793410880471
8,true,0.59,6.594718682044231
8,true,0.6,9.01978591840816
8,true,0.61,8.588675398120586
8,true,0.62,8.135563934726747
8,true,0.63,7.447512005996259
8,true,0.64,6.231388583629041
8,true,0.65,6.675010013834708
8,true,0.66,7.1571732543238795
8,true,0.67,6.620523384406113
8,true,0.68,6.014291332953462
8,true,0.69,6.278136686646121
8,true,0.7,7.018702907583247
8,true,0.71,5.748471760307893
8,true,0.72,5.928908945668137
8,true,0.73,6.463474223662388
8,true,0.74,7.034976378847659
8,true,0.75,6.662939111291962
8,true,0.76,6.037213786667735
8,true,0.77,6.55739718459688
8,true,0.78,6.684804771680831
8,true,0.79,6.658236024527014
8,true,0.8,6.266271888946449
8,true,0.81,5.988866520719512
8,true,0.82,6.564208673592333
8,true,0.83,6.993604522222768
8,true,0.84,5.5531583478759785
8,true,0.85,6.963851621057984
8,true,0.86,6.88426781551658
8,true,0.87,5.97074164475157
8,true,0.88,6.447196868698256
8,true,0.89,7.065563727414769
8,true,0.9,6.959463438785008
8,true,0.91,6.262147447971984
8,true,0.92,7.617059580305522
8,true,0.93,7.665889596300303
8,true,0.94,7.073006130563954
8,true,0.95,8.123528275711124
8,true,0.96,8.511715536914835
8,true,0.97,10.176667939097115
8,true,0.98,13.492115198639567
8,true,0.99,23.159917523299555
9,true,0.01,58.426193824983784
9,true,0.02,45.161683349383566
9,true,0.03,36.68901098037463
9,true,0.04,30.950390493947452
9,true,0.05,29.226413014599075
9,true,0.06,23.157747680808598
9,true,0.07,23.614382159045363
9,true,0.08,23.351660356777302
9,true,0.09,22.494775399406535
9,true,0.1,23.44263876023797
9,true,0.11,21.663902765890555
9,true,0.12,20.634098824436137
9,true,0.13,19.11502540790775
9,true,0.14,20.126320035888966
9,true,0.15,18.330237456559757
9,true,0.16,17.79124418000856
9,true,0.17,17.8882620765728
9,true,0.18,15.323766735407048
9,true,0.19,17.104771261945416
9,true,0.2,14.370725627678212
9,true,0.21,14.406249226959972
9,true,0.22,14.88380462646353
9,true,0.23,13.454650532386268
9,true,0.24,13.666030170377553
9,true,0.25,15.399591658341024
9,true,0.26,12.724848907044816
9,true,0.27,12.19959882891817
9,true,0.28,12.62081453660494
9,true,0.29,12.148191446754055
9,true,0.3,11.999970891268049
9,true,0.31,12.716540187674354
9,true,0.32,11.181447208225563
9,true,0.33,10.828229574518218
9,true,0.34,11.960474380913752
9,true,0.35,10.6018902959255
9,true,0.36,10.612802727160698
9,true,0.37,10.927600905563452
9,true,0.38,11.056362131099377
9,true,0.39,9.580926649677622
9,true,0.4,11.51565017614189
9,true,0.41,10.66079060796801
9,true,0.42,11.041050280923628
9,true,0.43,10.276863897418025
9,true,0.44,9.493335376396772
9,true,0.45,9.060241872743063
9,true,0.46,9.662383379238008
9,true,0.47,10.378491174405326
9,true,0.48,9.377148227342104
9,true,0.49,8.88581389938281
9,true,0.5,8.362402811131687
9,true,0.51,8.749971620813312
9,true,0.52,9.209015312217502
9,true,0.53,9.002588626416639
9,true,0.54,8.639534308847601
9,true,0.55,8.121414742593288
9,true,0.56,8.118991356064726
9,true,0.57,8.923114350006472
9,true,0.58,8.799170977834478
9,true,0.59,8.35929997375456
9,true,0.6,7.864279659487579
9,true,0.61,8.183599545410289
9,true,0.62,8.168041799160505
9,true,0.63,7.890891039269036
9,true,0.64,7.942521680244454
9,true,0.65,7.097259838958166
9,true,0.66,7.212205264134873
9,true,0.67,7.397142762116118
9,true,0.68,7.23893654560834
9,true,0.69,7.804694205279134
9,true,0.7,7.892340725762107
9,true,0.71,7.903444727566466
9,true,0.72,7.559183072096175
9,true,0.73,7.587380258128633
9,true,0.74,7.551672227112817
9,true,0.75,7.483385132215517
9,true,0.76,6.466185024064089
9,true,0.77,6.1309115405478
9,true,0.78,6.514901659197449
9,true,0.79,7.795181655959823
9,true,0.8,7.572005172248055
9,true,0.81,7.226480394164184
9,true,0.82,7.270720778456848
9,true,0.83,8.070176862923518
9,true,0.84,7.991279585648499
9,true,0.85,8.025537541730984
9,true,0.86,8.001953410035526
9,true,0.87,7.789835597117872
9,true,0.88,7.539367183235527
9,true,0.89,7.3941188809758955
9,true,0.9,7.409583648621492
9,true,0.91,7.755314582322853
9,true,0.92,8.213081692758124
9,true,0.93,8.026109277158639
9,true,0.94,8.744139019310978
9,true,0.95,9.2892237716066
9,true,0.96,10.20653562780899
9,true,0.97,12.347185860665718
9,true,0.98,16.37175470151078
9,true,0.99,28.1735145259172
10,true,0.01,82.29171533517751
10,true,0.02,67.23278010434245
10,true,0.03,57.05916566299334
10,true,0.04,52.261882195847306
10,true,0.05,44.34984976520707
10,true,0.06,41.50627887605424
10,true,0.07,41.13470043719144
10,true,0.08,33.94214019985975
10,true,0.09,35.33846515074595
10,true,0.1,31.54524579182339
10,true,0.11,31.10193262845678
10,true,0.12,28.649219575970164
10,true,0.13,29.573524912787434
10,true,0.14,27.48223434712054
10,true,0.15,26.313473339451775
10,true,0.16,24.97334498139719
10,true,0.17,23.22741315207736
10,true,0.18,23.155872705831598
10,true,0.19,22.65064297743072
10,true,0.2,20.23630149586893
10,true,0.21,21.73378790892707
10,true,0.22,21.320918884352977
10,true,0.23,20.446453290692034
10,true,0.24,18.469736187460057
10,true,0.25,17.640995796338757
10,true,0.26,18.16983491195515
10,true,0.27,17.162397788990802
10,true,0.28,16.260755738360558
10,true,0.29,17.022256295824263
10,true,0.3,15.87653293920971
10,true,0.31,15.956044784047776
10,true,0.32,15.222504373937227
10,true,0.33,14.000954116114826
10,true,0.34,14.841560122666579
10,true,0.35,13.72606902310008
10,true,0.36,14.372665356566358
10,true,0.37,13.693122750357588
10,true,0.38,12.965323089978938
10,true,0.39,13.799588099022458
10,true,0.4,12.667572937096566
10,true,0.41,12.975901359158534
10,true,0.42,13.138781761094151
10,true,0.43,12.64176151476181
10,true,0.44,12.472142900255562
10,true,0.45,12.446656770031325
10,true,0.46,12.083800008493256
10,true,0.47,11.313547429920334
10,true,0.48,10.854066902743853
10,true,0.49,10.770759433693797
10,true,0.5,9.90877955814949
10,true,0.51,9.988329585612064
10,true,0.52,11.114984611190721
10,true,0.53,10.281482956984519
10,true,0.54,10.389497120698024
10,true,0.55,10.22712139429916
10,true,0.56,9.902985413505348
10,true,0.57,9.402876865602366
10,true,0.58,9.961709894650767
10,true,0.59,9.869438687508591
10,true,0.6,8.726451415843485
10,true,0.61,9.643204768127362
10,true,0.62,10.161053071323522
10,true,0.63,9.503603339456049
10,true,0.64,8.288962212526712
10,true,0.65,8.851821340733977
10,true,0.66,9.014183932811079
10,true,0.67,9.048159465203753
10,true,0.68,8.959877119602197
10,true,0.69,8.679590363510442
10,true,0.7,8.581389291767664
10,true,0.71,8.72271530325338
10,true,0.72,8.312773539290447
10,true,0.73,8.268122070079244
10,true,0.74,8.20948519083231
10,true,0.75,8.159743928371881
10,true,0.76,8.379549982436401
10,true,0.77,8.497935826000216
10,true,0.78,8.617737639716552
10,true,0.79,8.800895578829568
10,true,0.8,8.441789477763336
10,true,0.81,8.118373215536849
10,true,0.82,7.780664040580859
10,true,0.83,8.068887109200887
10,true,0.84,8.053134437988774
10,true,0.85,8.05733975009457
10,true,0.86,8.110532662963578
10,true,0.87,8.907857914335636
10,true,0.88,8.67585637195225
10,true,0.89,8.657111477791254
10,true,0.9,8.638175425335703
10,true,0.91,8.224247415721948
10,true,0.92,9.423418573728895
10,true,0.93,9.467101215530647
10,true,0.94,9.90181912891353
10,true,0.95,11.026513683316807
10,true,0.96,12.736091702583508
10,true,0.97,15.496767267070936
10,true,0.98,20.614218064466968
10,true,0.99,40.679915180522585
11,true,0.01,304.5456873881385
11,true,0.02,205.6906256369649
11,true,0.03,150.16892077119792
11,true,0.04,130.84360617142556
11,true,0.05,109.56996382102989
11,true,0.06,86.34221087404603
11,true,0.07,80.0155871872466
11,true,0.08,70.69642772076986
11,true,0.09,66.18363569364283
11,true,0.1,57.29672361703979
11,true,0.11,52.7203885800609
11,true,0.12,49.558954329187145
11,true,0.13,45.94156165738528
11,true,0.14,43.7721630508986
11,true,0.15,42.56111194336427
11,true,0.16,37.15198913970289
11,true,0.17,35.872382890516974
11,true,0.18,34.62233574504398
11,true,0.19,32.31009010323305
11,true,0.2,31.201532264324214
11,true,0.21,28.589763902994946
11,true,0.22,27.09325826480017
11,true,0.23,27.39659530640597
11,true,0.24,25.579432699978497
11,true,0.25,25.62317695992897
11,true,0.26,25.16335459901893
11,true,0.27,22.985539533767223
11,true,0.28,21.63774026436886
11,true,0.29,22.02874196122866
11,true,0.3,20.908569664004972
11,true,0.31,19.695026255818448
11,true,0.32,19.870584407349725
11,true,0.33,18.738636864822183
11,true,0.34,18.66135963330339
11,true,0.35,17.691051880465423
11,true,0.36,17.563418517841228
11,true,0.37,17.94170372134704
11,true,0.38,16.961419117985997
11,true,0.39,16.30690775017024
11,true,0.4,16.188533976799818
11,true,0.41,16.330235710242505
11,true,0.42,15.588062113003843
11,true,0.43,15.324738990603237
11,true,0.44,15.29215734163705
11,true,0.45,14.719636969172484
11,true,0.46,13.859556307036655
11,true,0.47,13.53513270252688
11,true,0.48,13.497390219418776
11,true,0.49,13.052533217313794
11,true,0.5,12.92568035261138
11,true,0.51,13.022928762135052
11,true,0.52,13.086705317474298
11,true,0.53,12.46329149462963
11,true,0.54,12.498566468653735
11,true,0.55,12.010832398977527
11,true,0.56,11.705585514013364
11,true,0.57,11.523425124372807
11,true,0.58,11.55053504644593
11,true,0.59,11.292351131071428
11,true,0.6,11.030822630147213
11,true,0.61,10.658552524549123
11,true,0.62,11.115279538083996
11,true,0.63,10.443136508158432
11,true,0.64,9.80244955036278
11,true,0.65,10.270300809328091
11,true,0.66,10.091927092292991
11,true,0.67,9.918781843723991
11,true,0.68,9.917131532365147
11,true,0.69,9.790187641483612
11,true,0.7,9.654770650367936
11,true,0.71,9.29849802452918
11,true,0.72,9.448127620997155
11,true,0.73,9.61979385682389
11,true,0.74,9.370371046726177
11,true,0.75,9.350790148938813
11,true,0.76,9.505204556976878
11,true,0.77,9.046585837779048
11,true,0.78,8.815227641825459
11,true,0.79,8.842080555384655
11,true,0.8,9.018856337333546
11,true,0.81,9.088300836786857
11,true,0.82,8.807090887881714
11,true,0.83,8.763548619380003
11,true,0.84,8.724304769344144
11,true,0.85,8.958215627000982
11,true,0.86,9.124709687358063
11,true,0.87,9.301748522664639
11,true,0.88,9.17774804776002
11,true,0.89,9.180759804293757
11,true,0.9,9.790591595344722
11,true,0.91,10.454609150440064
11,true,0.92,11.154763788508717
11,true,0.93,11.557236601330715
11,true,0.94,12.688573063278682
11,true,0.95,13.884258130611443
11,true,0.96,15.161667606883839
11,true,0.97,16.235995118786377
11,true,0.98,18.456624097019812
11,true,0.99,31.124324893746234
12,true,0.01,651.6427152924225
12,true,0.02,335.4684155305149
12,true,0.03,222.34009961514312
12,true,0.04,168.22570280392029
12,true,0.05,133.35643400735717
12,true,0.06,108.18672905042331
12,true,0.07,91.01406597794266
12,true,0.08,84.20283179178114
12,true,0.09,74.3542584292386
12,true,0.1,67.19196190434559
12,true,0.11,59.35157253710986
12,true,0.12,55.06311282338356
12,true,0.13,52.91589324665074
12,true,0.14,46.565226643375354
12,true,0.15,45.22995389269454
12,true,0.16,40.80436624888807
12,true,0.17,38.58808780951051
12,true,0.18,37.447698327585385
12,true,0.19,34.94334311002922
12,true,0.2,32.97533543268037
12,true,0.21,31.99976910490159
12,true,0.22,30.456499130295015
12,true,0.23,28.756297556563368
12,true,0.24,27.788706448718585
12,true,0.25,26.210358181902393
12,true,0.26,25.397240022189635
12,true,0.27,24.398003540668014
12,true,0.28,23.92566748253239
12,true,0.29,23.809012877776695
12,true,0.3,22.49746643050321
12,true,0.31,21.481313519406058
12,true,0.32,21.231798659069227
12,true,0.33,20.4911482464031
12,true,0.34,19.609095825809163
12,true,0.35,18.961174239831053
12,true,0.36,18.55638118338993
12,true,0.37,18.224800713284253
12,true,0.38,17.860683737641466
12,true,0.39,17.05200742895522
12,true,0.4,17.01497860487825
12,true,0.41,16.604156065931704
12,true,0.42,16.179433429203527
12,true,0.43,15.859981489684287
12,true,0.44,15.820594565703914
12,true,0.45,15.660562916125855
12,true,0.46,15.366858644124477
12,true,0.47,15.055130308375055
12,true,0.48,14.71810333270605
12,true,0.49,14.064622049557784
12,true,0.5,13.801349246293967
12,true,0.51,13.712534748242433
12,true,0.52,13.446072483267699
12,true,0.53,13.199733003295478
12,true,0.54,12.894095073200788
12,true,0.55,12.670443693975812
12,true,0.56,12.55121547953695
12,true,0.57,12.395224223552304
12,true,0.58,12.188497325603294
12,true,0.59,12.139729304309185
12,true,0.6,12.257688980189414
12,true,0.61,12.013963013311013
12,true,0.62,11.574741261887993
12,true,0.63,11.399057603494384
12,true,0.64,11.336183337201874
12,true,0.65,11.201293615478335
12,true,0.66,10.980347033537555
12,true,0.67,10.887891113653495
12,true,0.68,11.0630544822111
12,true,0.69,11.12358882993749
12,true,0.7,10.867289263126082
12,true,0.71,10.72319956876754
12,true,0.72,10.455493367066993
12,true,0.73,10.066516296169539
12,true,0.74,9.883872358077042
12,true,0.75,9.91989411369741
12,true,0.76,9.851294122330728
12,true,0.77,9.673545357804585
12,true,0.78,9.487862067161132
12,true,0.79,9.412116665214171
12,true,0.8,9.31002108519283
12,true,0.81,9.299757290763864
12,true,0.82,9.596704344358066
12,true,0.83,9.86472748655342
12,true,0.84,9.908016235062405
12,true,0.85,9.801140710060508
12,true,0.86,9.831610643176191
12,true,0.87,10.020051587868124
12,true,0.88,10.207168448559514
12,true,0.89,10.173255709803243
12,true,0.9,10.176794506885471
12,true,0.91,9.967601227981959
12,true,0.92,9.45098086829239
12,true,0.93,9.2146350873345
12,true,0.94,9.10890744180415
12,true,0.95,9.212568365413972
12,true,0.96,9.466784611545336
12,true,0.97,9.704946547822146
12,true,0.98,6.094723133531943
12,true,0.99,31.369966502932584
13,true,0.01,642.9558175904021
13,true,0.02,331.02937308666515
13,true,0.03,220.32026235747253
13,true,0.04,165.2527773567017
13,true,0.05,131.6211285455547
13,true,0.06,110.02202842510087
13,true,0.07,95.4183346921127
13,true,0.08,81.99356846428236
13,true,0.09,73.79887000803683
13,true,0.1,68.15655684997
13,true,0.11,60.60173496346761
13,true,0.12,54.81492841293766
13,true,0.13,50.353775950464296
13,true,0.14,47.06927316895508
13,true,0.15,44.26856184983808
13,true,0.16,41.354016030352795
13,true,0.17,39.05540420735059
13,true,0.18,36.6856351226329
13,true,0.19,34.862425525940125
13,true,0.2,33.20555758086948
13,true,0.21,31.811181915341876
13,true,0.22,30.405460233717577
13,true,0.23,28.851893457280084
13,true,0.24,27.332318390040655
13,true,0.25,26.121255847567227
13,true,0.26,25.52288109931942
13,true,0.27,24.76930103618224
13,true,0.28,23.96029861186298
13,true,0.29,22.973798691621596
13,true,0.3,22.463530332412574
13,true,0.31,21.74196841932894
13,true,0.32,20.944995846232814
13,true,0.33,20.066530212498492
13,true,0.34,19.336037372211194
13,true,0.35,18.719586685876948
13,true,0.36,18.456440357733754
13,true,0.37,18.473996251058907
13,true,0.38,18.03511310449062
13,true,0.39,17.610369559622086
13,true,0.4,17.10187924184413
13,true,0.41,16.62412272047777
13,true,0.42,16.09646378302068
13,true,0.43,15.497262227936517
13,true,0.44,15.251349663885776
13,true,0.45,15.04855965370416
13,true,0.46,14.876410990399336
13,true,0.47,14.85869403448487
13,true,0.48,14.579187064437974
13,true,0.49,13.960327997918512
13,true,0.5,13.545599940411194
13,true,0.51,13.453502551325869
13,true,0.52,13.370234074111522
13,true,0.53,13.154109656464016
13,true,0.54,12.885555322562595
13,true,0.55,12.648193465414352
13,true,0.56,12.344428677993733
13,true,0.57,12.022383344819673
13,true,0.58,11.748580086204129
13,true,0.59,11.519637787808676
13,true,0.6,11.2173155544574
13,true,0.61,11.051509125636585
13,true,0.62,11.020473871936929
13,true,0.63,10.950312550518902
13,true,0.64,10.772110014305781
13,true,0.65,10.480436406607168
13,true,0.66,10.227277626785508
13,true,0.67,10.139030215385901
13,true,0.68,10.219913676972112
13,true,0.69,10.266920781983572
13,true,0.7,10.093444855783446
13,true,0.71,9.708562907248847
13,true,0.72,9.39537643775816
13,true,0.73,9.220353375148079
13,true,0.74,9.183493719418493
13,true,0.75,9.157192469089523
13,true,0.76,9.061237822860221
13,true,0.77,8.908172779312054
13,true,0.78,8.68952937550273
13,true,0.79,8.508277401453824
13,true,0.8,8.43102852163861
13,true,0.81,8.457782736057936
13,true,0.82,8.510390057405857
13,true,0.83,8.478832505523314
13,true,0.84,8.365247243438716
13,true,0.85,8.175370357143834
13,true,0.86,8.027762056074152
13,true,0.87,7.968480948928118
13,true,0.88,7.997527035703257
13,true,0.89,8.030300037500865
13,true,0.9,7.988039431837933
13,true,0.91,7.871670545746383
13,true,0.92,7.55183651167863
13,true,0.93,7.411763566287618
13,true,0.94,7.63448142539869
13,true,0.95,8.219990089012356
13,true,0.96,5.600332921895415
13,true,0.97,6.6961220071941625
13,true,0.98,11.810798465414791
13,true,0.99,22.667361330344647
14,true,0.01,646.3341975994699
14,true,0.02,332.99759078959323
14,true,0.03,222.6509873063278
14,true,0.04,166.04060370127263
14,true,0.05,134.0433554168958
14,true,0.06,110.82638119740113
14,true,0.07,96.08515045262357
14,true,0.08,83.13813662249959
14,true,0.09,74.30500494656917
14,true,0.1,65.9726892050785
14,true,0.11,60.956048729927716
14,true,0.12,55.09701078560374
14,true,0.13,49.87168323846436
14,true,0.14,47.21850923753118
14,true,0.15,44.22699343230761
14,true,0.16,41.236986360652736
14,true,0.17,39.072844067518304
14,true,0.18,36.940011026256116
14,true,0.19,35.158184581296155
14,true,0.2,33.05628910752512
14,true,0.21,31.397219063822376
14,true,0.22,30.057519941901433
14,true,0.23,28.91092111236685
14,true,0.24,27.95145774923003
14,true,0.25,26.349005367378595
14,true,0.26,25.619194989517837
14,true,0.27,24.58415966188393
14,true,0.28,23.583779064791088
14,true,0.29,22.837471113208267
14,true,0.3,22.001211681122186
14,true,0.31,21.298955580511574
14,true,0.32,21.054526685827113
14,true,0.33,20.26454192731387
14,true,0.34,19.434843884753718
14,true,0.35,19.119154868544683
14,true,0.36,18.700168204202782
14,true,0.37,18.083101266151516
14,true,0.38,17.65315969451467
14,true,0.39,17.479971960320654
14,true,0.4,17.112859463736186
14,true,0.41,16.642051702405297
14,true,0.42,16.22349635186356
14,true,0.43,15.765515576415055
14,true,0.44,15.415025475999755
14,true,0.45,15.185784595762698
14,true,0.46,14.939816135836281
14,true,0.47,14.872255637962141
14,true,0.48,14.878360253445408
14,true,0.49,14.493678399039709
14,true,0.5,13.952335941869933
14,true,0.51,13.61268366109698
14,true,0.52,13.41378279823357
14,true,0.53,13.147490149988244
14,true,0.54,12.985404618166967
14,true,0.55,12.868557720177932
14,true,0.56,12.72594587157164
14,true,0.57,12.585843701776298
14,true,0.58,12.405129214988847
14,true,0.59,12.3063037919228
14,true,0.6,12.311361525805125
14,true,0.61,12.254151737200573
14,true,0.62,12.25288501958994
14,true,0.63,12.333125435287684
14,true,0.64,12.383697436922148
14,true,0.65,12.44363598088239
14,true,0.66,12.5385943285537
14,true,0.67,12.755603208509001
14,true,0.68,12.854208077562816
14,true,0.69,12.705104582821377
14,true,0.7,12.272406621550886
14,true,0.71,11.901841836914855
14,true,0.72,11.97092656097766
14,true,0.73,12.479660793741118
14,true,0.74,12.14780979072566
14,true,0.75,12.416926615019747
14,true,0.76,13.969099030317011
14,true,0.77,16.80432703661897
14,true,0.78,20.14136326261837
14,true,0.79,21.667340317791968
14,true,0.8,21.361431827248907
14,true,0.81,19.27463358259608
14,true,0.82,19.598979130699263
14,true,0.83,18.807652767965692
14,true,0.84,16.900654494394075
14,true,0.85,13.877984309986111
14,true,0.86,10.815965581716455
14,true,0.87,8.900825636580066
14,true,0.88,8.133168222899258
14,true,0.89,8.51299334067221
14,true,0.9,8.370969826461078
14,true,0.91,7.968600194747978
14,true,0.92,7.733429876279843
14,true,0.93,7.665458871055762
14,true,0.94,7.6389597279485315
14,true,0.95,7.481400579428737
14,true,0.96,7.383852644028821
14,true,0.97,7.346315921747191
14,true,0.98,7.36879041258419
14,true,0.99,7.290657691265551
15,true,0.01,32.412572812504095
15,true,0.02,18.048894631426947
15,true,0.03,13.511348239135714
15,true,0.04,10.92871464894597
15,true,0.05,9.749107094704755
15,true,0.06,8.753653510430581
15,true,0.07,8.228927489369084
15,true,0.08,7.6860837735106315
15,true,0.09,7.251057539651981
15,true,0.1,6.956242978927719
15,true,0.11,6.73954324405679
15,true,0.12,6.585050186220656
15,true,0.13,6.340084247679897
15,true,0.14,6.165799721572569
15,true,0.15,5.986591711838855
15,true,0.16,5.899841652251723
15,true,0.17,5.741346562965532
15,true,0.18,5.623989239757776
15,true,0.19,5.538004848014893
15,true,0.2,5.495739326161981
15,true,0.21,5.405129134328604
15,true,0.22,5.355927660976818
15,true,0.23,5.262210919779136
15,true,0.24,5.17100376634545
15,true,0.25,5.077477621533234
15,true,0.26,5.004776766281395
15,true,0.27,4.947701060539771
15,true,0.28,4.905968072503413
15,true,0.29,4.886462755887422
15,true,0.3,4.879057447796299
15,true,0.31,4.834182052338264
15,true,0.32,4.776034285683181
15,true,0.33,4.686206793161773
15,true,0.34,4.637395327602405
15,true,0.35,4.59052409892081
15,true,0.36,4.567451950346708
15,true,0.37,4.544715653035439
15,true,0.38,4.496316315006993
15,true,0.39,4.45441179809751
15,true,0.4,4.406593856722253
15,true,0.41,4.358448124534448
15,true,0.42,4.346875280307202
15,true,0.43,4.3373100434582454
15,true,0.44,4.304736843177679
15,true,0.45,4.257540106674497
15,true,0.46,4.241118464069245
15,true,0.47,4.252568657874917
15,true,0.48,4.246634838799309
15,true,0.49,4.218468907706791
15,true,0.5,4.20421036179701
15,true,0.51,4.172423575936335
15,true,0.52,4.130486654891882
15,true,0.53,4.0976420329815255
15,true,0.54,4.071992526868499
15,true,0.55,4.0479768856910425
15,true,0.56,4.020835936204378
15,true,0.57,3.9902717314297576
15,true,0.58,3.952770478959877
15,true,0.59,3.939127022490709
15,true,0.6,3.9460302376857896
15,true,0.61,3.943365542751337
15,true,0.62,3.93163639888229
15,true,0.63,3.9120686559997466
15,true,0.64,3.897210152011951
15,true,0.65,3.890219555021986
15,true,0.66,3.8860972221521592
15,true,0.67,3.8796004806093265
15,true,0.68,3.8744853079949735
15,true,0.69,3.8714823559762124
15,true,0.7,3.865170683301187
15,true,0.71,3.8543773195589424
15,true,0.72,3.8195621009309946
15,true,0.73,3.8318929943798707
15,true,0.74,3.8986718593850256
15,true,0.75,3.9627084509599513
15,true,0.76,3.9861835027186316
15,true,0.77,3.992463291114092
15,true,0.78,3.996996623275777
15,true,0.79,3.934345798228378
15,true,0.8,3.979592592549693
15,true,0.81,4.060859044161646
15,true,0.82,4.144969964314228
15,true,0.83,4.223492124157588
15,true,0.84,4.272411657869853
15,true,0.85,4.294670495663752
15,true,0.86,4.430740216815508
15,true,0.87,4.525798038290958
15,true,0.88,4.581499319288156
15,true,0.89,4.741541305757011
15,true,0.9,5.005923997697408
15,true,0.91,5.035922452003533
15,true,0.92,4.888577929172698
15,true,0.93,5.293460200729157
15,true,0.94,6.250569266672812
15,true,0.95,7.759905127003805
15,true,0.96,9.543736536954398
15,true,0.97,10.745774991901953
15,true,0.98,11.315948956538534
15,true,0.99,11.254258430864212
16,true,0.01,32.8541618627703
16,true,0.02,18.696364013698712
16,true,0.03,13.8878116208287
16,true,0.04,11.777696312477246
16,true,0.05,10.262609463647095
16,true,0.06,9.426156366459793
16,true,0.07,8.834880348268086
16,true,0.08,8.349527934344536
16,true,0.09,7.9428062169158125
16,true,0.1,7.609061001040061
16,true,0.11,7.393105296235092
16,true,0.12,7.11577203475008
16,true,0.13,7.0344507355818
16,true,0.14,6.812137900650555
16,true,0.15,6.679735405358997
16,true,0.16,6.529571451010042
16,true,0.17,6.384784837648567
16,true,0.18,6.315246234036749
16,true,0.19,6.200877450976236
16,true,0.2,6.128449781163766
16,true,0.21,5.99822163412361
16,true,0.22,5.925837494424343
16,true,0.23,5.806670557475741
16,true,0.24,5.781133555973895
16,true,0.25,5.681720705579721
16,true,0.26,5.619346176486619
16,true,0.27,5.543092265468374
16,true,0.28,5.529476427433224
16,true,0.29,5.42940555663813
16,true,0.3,5.369491513834873
16,true,0.31,5.304668075523864
16,true,0.32,5.222890673311326
16,true,0.33,5.186178878083524
16,true,0.34,5.097985430311269
16,true,0.35,5.118637407314452
16,true,0.36,5.084018647567461
16,true,0.37,4.9979953398163275
16,true,0.38,4.939606182399302
16,true,0.39,4.945945848395695
16,true,0.4,4.888015668134528
16,true,0.41,4.838726830712233
16,true,0.42,4.839947740849652
16,true,0.43,4.76707898150886
16,true,0.44,4.708251444116627
16,true,0.45,4.643938278415703
16,true,0.46,4.654007788299623
16,true,0.47,4.640784400034136
16,true,0.48,4.519079548657601
16,true,0.49,4.537757432488547
16,true,0.5,4.53813356555122
16,true,0.51,4.538582294021467
16,true,0.52,4.553196652014435
16,true,0.53,4.4049130313897535
16,true,0.54,4.406045586500454
16,true,0.55,4.386768358135015
16,true,0.56,4.365187012036197
16,true,0.57,4.346891667523323
16,true,0.58,4.3340824050766855
16,true,0.59,4.340088871943408
16,true,0.6,4.3020575938130605
16,true,0.61,4.264096479892146
16,true,0.62,4.307607159929262
16,true,0.63,4.286068541267355
16,true,0.64,4.2715381255281955
16,true,0.65,4.230304885395441
16,true,0.66,4.185793770874284
16,true,0.67,4.179566544187992
16,true,0.68,4.171612891972245
16,true,0.69,4.157659451551808
16,true,0.7,4.18868859413908
16,true,0.71,4.190022538257665
16,true,0.72,4.144359652375556
16,true,0.73,4.1250024093199045
16,true,0.74,4.1399024475745705
16,true,0.75,4.156126072696111
16,true,0.76,4.165395112602141
16,true,0.77,4.217440842119231
16,true,0.78,4.174084775693814
16,true,0.79,4.227369110040627
16,true,0.8,4.267875117692142
16,true,0.81,4.2871942447690685
16,true,0.82,4.332136424182551
16,true,0.83,4.388934102860077
16,true,0.84,4.433292561835117
16,true,0.85,4.509360517228004
16,true,0.86,4.605880051863892
16,true,0.87,4.702009101869237
16,true,0.88,4.796796722285762
16,true,0.89,4.926404981112228
16,true,0.9,5.119011764121206
16,true,0.91,5.345083094175038
16,true,0.92,5.512788359261435
16,true,0.93,5.909780635130346
16,true,0.94,6.26526176460402
16,true,0.95,6.784554561313826
16,true,0.96,7.515378131216721
16,true,0.97,8.660627680773814
16,true,0.98,10.47973389630505
16,true,0.99,13.959071741247953
17,true,0.01,32.38274975910042
17,true,0.02,17.93828116706959
17,true,0.03,13.23156261512031
17,true,0.04,10.793575559590295
17,true,0.05,9.38845771558988
17,true,0.06,8.563544225098724
17,true,0.07,7.821825941076781
17,true,0.08,7.390282812424971
17,true,0.09,6.999877898120047
17,true,0.1,6.64460290906095
17,true,0.11,6.395309247196167
17,true,0.12,6.220835287698492
17,true,0.13,6.019499310269737
17,true,0.14,5.858932021133114
17,true,0.15,5.7052065824048555
17,true,0.16,5.649669391115538
17,true,0.17,5.486948652073281
17,true,0.18,5.436633731726147
17,true,0.19,5.286748283766258
17,true,0.2,5.208561010848172
17,true,0.21,5.124724702069045
17,true,0.22,5.025322271406026
17,true,0.23,4.992252924605793
17,true,0.24,4.905717392157527
17,true,0.25,4.812471709665317
17,true,0.26,4.844069589277126
17,true,0.27,4.710019092789594
17,true,0.28,4.693309795960886
17,true,0.29,4.643616343878762
17,true,0.3,4.575736392730448
17,true,0.31,4.524395440414679
17,true,0.32,4.480080920566991
17,true,0.33,4.439635400884413
17,true,0.34,4.4324514886378665
17,true,0.35,4.37900065975532
17,true,0.36,4.3271404302836345
17,true,0.37,4.273456356047291
17,true,0.38,4.265529098255911
17,true,0.39,4.234483892665878
17,true,0.4,4.224391445648678
17,true,0.41,4.166983236697888
17,true,0.42,4.185594576868596
17,true,0.43,4.099692570745788
17,true,0.44,4.060273600490916
17,true,0.45,4.076093152711621
17,true,0.46,4.029263650202324
17,true,0.47,3.989274193626727
17,true,0.48,4.008280998277769
17,true,0.49,3.984673807659078
17,true,0.5,3.9282856155199397
17,true,0.51,3.94151140416011
17,true,0.52,3.8999893343774374
17,true,0.53,3.895454097497577
17,true,0.54,3.8716368160842194
17,true,0.55,3.847920984167615
17,true,0.56,3.843714713872714
17,true,0.57,3.8083523108020074
17,true,0.58,3.80775564330942
17,true,0.59,3.8019901402287246
17,true,0.6,3.766146658550497
17,true,0.61,3.771003309705577
17,true,0.62,3.7429007048829135
17,true,0.63,3.745460932961464
17,true,0.64,3.7476292232419155
17,true,0.65,3.7377383762667478
17,true,0.66,3.7312975389814937
17,true,0.67,3.7275366044222835
17,true,0.68,3.714554629364301
17,true,0.69,3.6984587433087768
17,true,0.7,3.6925061986372043
17,true,0.71,3.732797298684204
17,true,0.72,3.7100103268670637
17,true,0.73,3.7575942130808926
17,true,0.74,3.758849799476934
17,true,0.75,3.7713690029024747
17,true,0.76,3.790424492916756
17,true,0.77,3.8140104311531218
17,true,0.78,3.84106108364017
17,true,0.79,3.8559481059694463
17,true,0.8,3.890988662187624
17,true,0.81,3.9482037284293483
17,true,0.82,3.9655380799099476
17,true,0.83,4.030587739802058
17,true,0.84,4.107872730422855
17,true,0.85,4.198483576357262
17,true,0.86,4.284899037631476
17,true,0.87,4.393974178170396
17,true,0.88,4.526799219424248
17,true,0.89,4.6643255671456245
17,true,0.9,4.86901299397681
17,true,0.91,5.065146982220654
17,true,0.92,5.3195499199568985
17,true,0.93,5.719100401894821
17,true,0.94,6.144824950308589
17,true,0.95,6.74752714953388
17,true,0.96,7.582176786561831
17,true,0.97,8.770960595974884
17,true,0.98,10.789137492432701
17,true,0.99,14.806147790111254
18,false,0.01,32.358663094176336
18,false,0.02,17.9164835182778
18,false,0.03,13.0895526425615
18,false,0.04,10.759801009568832
18,false,0.05,9.376158491887168
18,false,0.06,8.46214155599381
18,false,0.07,7.822413808686292
18,false,0.08,7.349472362976712
18,false,0.09,6.937486261954291
18,false,0.1,6.6706118568172315
18,false,0.11,6.368859784779829
18,false,0.12,6.189440047516598
18,false,0.13,6.017215006315723
18,false,0.14,5.862349337845444
18,false,0.15,5.671820789167043
18,false,0.16,5.5935081905417325
18,false,0.17,5.463832118504058
18,false,0.18,5.375025214567586
18,false,0.19,5.266197651411119
18,false,0.2,5.179219304769646
18,false,0.21,5.075649374759877
18,false,0.22,5.025394000060658
18,false,0.23,4.965916386537742
18,false,0.24,4.8996453005928515
18,false,0.25,4.854772666134181
18,false,0.26,4.779357294971021
18,false,0.27,4.737624425249209
18,false,0.28,4.669934443456384
18,false,0.29,4.601222539460025
18,false,0.3,4.579706838990944
18,false,0.31,4.535402620910645
18,false,0.32,4.493355290059753
18,false,0.33,4.442051141129184
18,false,0.34,4.40049702225059
18,false,0.35,4.391026566604751
18,false,0.36,4.319671223813941
18,false,0.37,4.292953871129782
18,false,0.38,4.276657081578151
18,false,0.39,4.2353607160504225
18,false,0.4,4.19524559948735
18,false,0.41,4.166074417274729
18,false,0.42,4.128938493892747
18,false,0.43,4.098930271639677
18,false,0.44,4.084321235526659
18,false,0.45,4.068189199614039
18,false,0.46,4.016184943964561
18,false,0.47,4.006324888647896
18,false,0.48,3.9953688684242934
18,false,0.49,3.9613548254492343
18,false,0.5,3.915900807967205
18,false,0.51,3.9009598786483366
18,false,0.52,3.8961880170548397
18,false,0.53,3.865150501690607
18,false,0.54,3.848129461411048
18,false,0.55,3.8408401985348917
18,false,0.56,3.834131945263323
18,false,0.57,3.7971163787053683
18,false,0.58,3.7757658660041216
18,false,0.59,3.7801877037016993
18,false,0.6,3.7907291026500616
18,false,0.61,3.7629399764325626
18,false,0.62,3.7502952436335413
18,false,0.63,3.7435142276504507
18,false,0.64,3.7379767817846528
18,false,0.65,3.728540104217359
18,false,0.66,3.712578189854298
18,false,0.67,3.729521377783385
18,false,0.68,3.720948002800583
18,false,0.69,3.716633566577629
18,false,0.7,3.719136752271993
18,false,0.71,3.7380029579887832
18,false,0.72,3.750477228943282
18,false,0.73,3.73415587486636
18,false,0.74,3.741621704608974
18,false,0.75,3.7575142724530224
18,false,0.76,3.772972706061534
18,false,0.77,3.7953997947551557
18,false,0.78,3.836129509413695
18,false,0.79,3.85614047863578
18,false,0.8,3.898938407686387
18,false,0.81,3.9378518674674297
18,false,0.82,3.982985697156323
18,false,0.83,4.038554524598339
18,false,0.84,4.109097309738729
18,false,0.85,4.193084763407967
18,false,0.86,4.2965774977331535
18,false,0.87,4.404151757000079
18,false,0.88,4.515678872519516
18,false,0.89,4.690163014761083
18,false,0.9,4.882706597496849
18,false,0.91,5.0854977975971
18,false,0.92,5.38012847991979
18,false,0.93,5.720379406046163
18,false,0.94,6.167669582573467
18,false,0.95,6.736346023988972
18,false,0.96,7.562637435464467
18,false,0.97,8.753124233199742
18,false,0.98,10.756670247766579
18,false,0.99,14.768795099245835
